year,driverId,points,wins,position,name
2020,1,347,11,1,Lewis Hamilton
2020,822,223,2,2,Valtteri Bottas
2020,830,214,2,3,Max Verstappen
2020,815,125,1,4,Sergio Pérez
2020,817,119,0,5,Daniel Ricciardo
2020,832,105,0,6,Carlos Sainz
2020,848,105,0,7,Alexander Albon
2020,844,98,0,8,Charles Leclerc
2020,846,97,0,9,Lando Norris
2020,842,75,1,10,Pierre Gasly
2020,840,75,0,11,Lance Stroll
2020,839,62,0,12,Esteban Ocon
2020,20,33,0,13,Sebastian Vettel
2020,826,32,0,14,Daniil Kvyat
2020,807,10,0,15,Nico Hülkenberg
2020,841,4,0,17,Antonio Giovinazzi
2020,8,4,0,16,Kimi Räikkönen
2020,847,3,0,18,George Russell
2020,154,2,0,19,Romain Grosjean
2020,825,1,0,20,Kevin Magnussen
2020,851,0,0,22,Jack Aitken
2020,850,0,0,23,Pietro Fittipaldi
2020,849,0,0,21,Nicholas Latifi
2019,1,413,11,1,Lewis Hamilton
2019,822,326,4,2,Valtteri Bottas
2019,830,278,3,3,Max Verstappen
2019,844,264,2,4,Charles Leclerc
2019,20,240,1,5,Sebastian Vettel
2019,832,96,0,6,Carlos Sainz
2019,842,95,0,7,Pierre Gasly
2019,848,92,0,8,Alexander Albon
2019,817,54,0,9,Daniel Ricciardo
2019,815,52,0,10,Sergio Pérez
2019,846,49,0,11,Lando Norris
2019,8,43,0,12,Kimi Räikkönen
2019,826,37,0,13,Daniil Kvyat
2019,807,37,0,14,Nico Hülkenberg
2019,840,21,0,15,Lance Stroll
2019,825,20,0,16,Kevin Magnussen
2019,841,14,0,17,Antonio Giovinazzi
2019,154,8,0,18,Romain Grosjean
2019,9,1,0,19,Robert Kubica
2019,847,0,0,20,George Russell
2018,1,408,11,1,Lewis Hamilton
2018,20,320,5,2,Sebastian Vettel
2018,8,251,1,3,Kimi Räikkönen
2018,830,249,2,4,Max Verstappen
2018,822,247,0,5,Valtteri Bottas
2018,817,170,2,6,Daniel Ricciardo
2018,807,69,0,7,Nico Hülkenberg
2018,815,62,0,8,Sergio Pérez
2018,825,56,0,9,Kevin Magnussen
2018,832,53,0,10,Carlos Sainz
2018,4,50,0,11,Fernando Alonso
2018,839,49,0,12,Esteban Ocon
2018,844,39,0,13,Charles Leclerc
2018,154,37,0,14,Romain Grosjean
2018,842,29,0,15,Pierre Gasly
2018,838,12,0,16,Stoffel Vandoorne
2018,828,9,0,17,Marcus Ericsson
2018,840,6,0,18,Lance Stroll
2018,843,4,0,19,Brendon Hartley
2018,845,1,0,20,Sergey Sirotkin
2017,1,363,9,1,Lewis Hamilton
2017,20,317,5,2,Sebastian Vettel
2017,822,305,3,3,Valtteri Bottas
2017,8,205,0,4,Kimi Räikkönen
2017,817,200,1,5,Daniel Ricciardo
2017,830,168,2,6,Max Verstappen
2017,815,100,0,7,Sergio Pérez
2017,839,87,0,8,Esteban Ocon
2017,832,54,0,9,Carlos Sainz
2017,807,43,0,10,Nico Hülkenberg
2017,13,43,0,11,Felipe Massa
2017,840,40,0,12,Lance Stroll
2017,154,28,0,13,Romain Grosjean
2017,825,19,0,14,Kevin Magnussen
2017,4,17,0,15,Fernando Alonso
2017,838,13,0,16,Stoffel Vandoorne
2017,835,8,0,17,Jolyon Palmer
2017,826,5,0,19,Daniil Kvyat
2017,836,5,0,18,Pascal Wehrlein
2017,842,0,0,21,Pierre Gasly
2017,841,0,0,22,Antonio Giovinazzi
2017,828,0,0,20,Marcus Ericsson
2017,843,0,0,23,Brendon Hartley
2017,18,0,0,24,Jenson Button
2017,814,0,0,25,Paul di Resta
2016,3,385,9,1,Nico Rosberg
2016,1,380,10,2,Lewis Hamilton
2016,817,256,1,3,Daniel Ricciardo
2016,20,212,0,4,Sebastian Vettel
2016,830,204,1,5,Max Verstappen
2016,8,186,0,6,Kimi Räikkönen
2016,815,101,0,7,Sergio Pérez
2016,822,85,0,8,Valtteri Bottas
2016,807,72,0,9,Nico Hülkenberg
2016,4,54,0,10,Fernando Alonso
2016,13,53,0,11,Felipe Massa
2016,832,46,0,12,Carlos Sainz
2016,154,29,0,13,Romain Grosjean
2016,826,25,0,14,Daniil Kvyat
2016,18,21,0,15,Jenson Button
2016,825,7,0,16,Kevin Magnussen
2016,831,2,0,17,Felipe Nasr
2016,838,1,0,20,Stoffel Vandoorne
2016,835,1,0,18,Jolyon Palmer
2016,836,1,0,19,Pascal Wehrlein
2016,839,0,0,23,Esteban Ocon
2016,828,0,0,22,Marcus Ericsson
2016,837,0,0,24,Rio Haryanto
2016,821,0,0,21,Esteban Gutiérrez
2015,1,381,10,1,Lewis Hamilton
2015,3,322,6,2,Nico Rosberg
2015,20,278,3,3,Sebastian Vettel
2015,8,150,0,4,Kimi Räikkönen
2015,822,136,0,5,Valtteri Bottas
2015,13,121,0,6,Felipe Massa
2015,826,95,0,7,Daniil Kvyat
2015,817,92,0,8,Daniel Ricciardo
2015,815,78,0,9,Sergio Pérez
2015,807,58,0,10,Nico Hülkenberg
2015,154,51,0,11,Romain Grosjean
2015,830,49,0,12,Max Verstappen
2015,831,27,0,13,Felipe Nasr
2015,813,27,0,14,Pastor Maldonado
2015,832,18,0,15,Carlos Sainz
2015,18,16,0,16,Jenson Button
2015,4,11,0,17,Fernando Alonso
2015,828,9,0,18,Marcus Ericsson
2015,825,0,0,22,Kevin Magnussen
2015,833,0,0,19,Roberto Merhi
2015,829,0,0,21,Will Stevens
2015,834,0,0,20,Alexander Rossi
2014,1,384,11,1,Lewis Hamilton
2014,3,317,5,2,Nico Rosberg
2014,817,238,3,3,Daniel Ricciardo
2014,822,186,0,4,Valtteri Bottas
2014,20,167,0,5,Sebastian Vettel
2014,4,161,0,6,Fernando Alonso
2014,13,134,0,7,Felipe Massa
2014,18,126,0,8,Jenson Button
2014,807,96,0,9,Nico Hülkenberg
2014,815,59,0,10,Sergio Pérez
2014,8,55,0,12,Kimi Räikkönen
2014,825,55,0,11,Kevin Magnussen
2014,818,22,0,13,Jean-Éric Vergne
2014,826,8,0,15,Daniil Kvyat
2014,154,8,0,14,Romain Grosjean
2014,813,2,0,16,Pastor Maldonado
2014,824,2,0,17,Jules Bianchi
2014,828,0,0,19,Marcus Ericsson
2014,821,0,0,20,Esteban Gutiérrez
2014,829,0,0,23,Will Stevens
2014,16,0,0,18,Adrian Sutil
2014,820,0,0,21,Max Chilton
2014,155,0,0,22,Kamui Kobayashi
2014,827,0,0,24,André Lotterer
2013,20,397,13,1,Sebastian Vettel
2013,4,242,2,2,Fernando Alonso
2013,17,199,0,3,Mark Webber
2013,1,189,1,4,Lewis Hamilton
2013,8,183,1,5,Kimi Räikkönen
2013,3,171,2,6,Nico Rosberg
2013,154,132,0,7,Romain Grosjean
2013,13,112,0,8,Felipe Massa
2013,18,73,0,9,Jenson Button
2013,807,51,0,10,Nico Hülkenberg
2013,815,49,0,11,Sergio Pérez
2013,814,48,0,12,Paul di Resta
2013,16,29,0,13,Adrian Sutil
2013,817,20,0,14,Daniel Ricciardo
2013,818,13,0,15,Jean-Éric Vergne
2013,821,6,0,16,Esteban Gutiérrez
2013,822,4,0,17,Valtteri Bottas
2013,813,1,0,18,Pastor Maldonado
2013,824,0,0,19,Jules Bianchi
2013,820,0,0,23,Max Chilton
2013,819,0,0,20,Charles Pic
2013,823,0,0,21,Giedo van der Garde
2013,5,0,0,22,Heikki Kovalainen
2012,20,281,5,1,Sebastian Vettel
2012,4,278,3,2,Fernando Alonso
2012,8,207,1,3,Kimi Räikkönen
2012,1,190,4,4,Lewis Hamilton
2012,18,188,3,5,Jenson Button
2012,17,179,2,6,Mark Webber
2012,13,122,0,7,Felipe Massa
2012,154,96,0,8,Romain Grosjean
2012,3,93,1,9,Nico Rosberg
2012,815,66,0,10,Sergio Pérez
2012,807,63,0,11,Nico Hülkenberg
2012,155,60,0,12,Kamui Kobayashi
2012,30,49,0,13,Michael Schumacher
2012,814,46,0,14,Paul di Resta
2012,813,45,1,15,Pastor Maldonado
2012,811,31,0,16,Bruno Senna
2012,818,16,0,17,Jean-Éric Vergne
2012,817,10,0,18,Daniel Ricciardo
2012,819,0,0,21,Charles Pic
2012,5,0,0,22,Heikki Kovalainen
2012,10,0,0,20,Timo Glock
2012,808,0,0,19,Vitaly Petrov
2012,37,0,0,25,Pedro de la Rosa
2012,39,0,0,24,Narain Karthikeyan
2012,816,0,0,23,Jérôme d'Ambrosio
2011,20,392,11,1,Sebastian Vettel
2011,18,270,3,2,Jenson Button
2011,17,258,1,3,Mark Webber
2011,4,257,1,4,Fernando Alonso
2011,1,227,3,5,Lewis Hamilton
2011,13,118,0,6,Felipe Massa
2011,3,89,0,7,Nico Rosberg
2011,30,76,0,8,Michael Schumacher
2011,16,42,0,9,Adrian Sutil
2011,808,37,0,10,Vitaly Petrov
2011,2,34,0,11,Nick Heidfeld
2011,155,30,0,12,Kamui Kobayashi
2011,814,27,0,13,Paul di Resta
2011,153,26,0,14,Jaime Alguersuari
2011,67,15,0,15,Sébastien Buemi
2011,815,14,0,16,Sergio Pérez
2011,22,4,0,17,Rubens Barrichello
2011,811,2,0,18,Bruno Senna
2011,813,1,0,19,Pastor Maldonado
2011,817,0,0,27,Daniel Ricciardo
2011,5,0,0,22,Heikki Kovalainen
2011,10,0,0,25,Timo Glock
2011,37,0,0,20,Pedro de la Rosa
2011,39,0,0,26,Narain Karthikeyan
2011,816,0,0,24,Jérôme d'Ambrosio
2011,15,0,0,21,Jarno Trulli
2011,24,0,0,23,Vitantonio Liuzzi
2011,812,0,0,28,Karun Chandhok
2010,20,256,5,1,Sebastian Vettel
2010,4,252,5,2,Fernando Alonso
2010,17,242,4,3,Mark Webber
2010,1,240,3,4,Lewis Hamilton
2010,18,214,2,5,Jenson Button
2010,13,144,0,6,Felipe Massa
2010,3,142,0,7,Nico Rosberg
2010,9,136,0,8,Robert Kubica
2010,30,72,0,9,Michael Schumacher
2010,16,47,0,11,Adrian Sutil
2010,22,47,0,10,Rubens Barrichello
2010,155,32,0,12,Kamui Kobayashi
2010,808,27,0,13,Vitaly Petrov
2010,807,22,0,14,Nico Hülkenberg
2010,24,21,0,15,Vitantonio Liuzzi
2010,67,8,0,16,Sébastien Buemi
2010,37,6,0,17,Pedro de la Rosa
2010,2,6,0,18,Nick Heidfeld
2010,153,5,0,19,Jaime Alguersuari
2010,5,0,0,20,Heikki Kovalainen
2010,811,0,0,23,Bruno Senna
2010,10,0,0,25,Timo Glock
2010,15,0,0,21,Jarno Trulli
2010,812,0,0,22,Karun Chandhok
2010,810,0,0,24,Lucas di Grassi
2010,29,0,0,26,Sakon Yamamoto
2010,32,0,0,27,Christian Klien
2009,18,95,6,1,Jenson Button
2009,20,84,4,2,Sebastian Vettel
2009,22,77,2,3,Rubens Barrichello
2009,17,69,2,4,Mark Webber
2009,1,49,2,5,Lewis Hamilton
2009,8,48,1,6,Kimi Räikkönen
2009,3,34,0,7,Nico Rosberg
2009,15,32,0,8,Jarno Trulli
2009,4,26,0,9,Fernando Alonso
2009,10,24,0,10,Timo Glock
2009,13,22,0,11,Felipe Massa
2009,5,22,0,12,Heikki Kovalainen
2009,2,19,0,13,Nick Heidfeld
2009,9,17,0,14,Robert Kubica
2009,21,8,0,15,Giancarlo Fisichella
2009,67,6,0,16,Sébastien Buemi
2009,16,5,0,17,Adrian Sutil
2009,155,3,0,18,Kamui Kobayashi
2009,7,2,0,19,Sébastien Bourdais
2009,154,0,0,23,Romain Grosjean
2009,153,0,0,24,Jaime Alguersuari
2009,24,0,0,22,Vitantonio Liuzzi
2009,69,0,0,25,Luca Badoer
2009,6,0,0,20,Kazuki Nakajima
2009,12,0,0,21,Nelson Piquet Jr.
2008,1,98,5,1,Lewis Hamilton
2008,13,97,6,2,Felipe Massa
2008,8,75,2,3,Kimi Räikkönen
2008,9,75,1,4,Robert Kubica
2008,4,61,2,5,Fernando Alonso
2008,2,60,0,6,Nick Heidfeld
2008,5,53,1,7,Heikki Kovalainen
2008,20,35,1,8,Sebastian Vettel
2008,15,31,0,9,Jarno Trulli
2008,10,25,0,10,Timo Glock
2008,17,21,0,11,Mark Webber
2008,12,19,0,12,Nelson Piquet Jr.
2008,3,17,0,13,Nico Rosberg
2008,22,11,0,14,Rubens Barrichello
2008,6,9,0,15,Kazuki Nakajima
2008,14,8,0,16,David Coulthard
2008,7,4,0,17,Sébastien Bourdais
2008,18,3,0,18,Jenson Button
2008,16,0,0,20,Adrian Sutil
2008,21,0,0,19,Giancarlo Fisichella
2008,11,0,0,21,Takuma Sato
2008,19,0,0,22,Anthony Davidson
2007,8,110,6,1,Kimi Räikkönen
2007,1,109,4,2,Lewis Hamilton
2007,4,109,4,3,Fernando Alonso
2007,13,94,3,4,Felipe Massa
2007,2,61,0,5,Nick Heidfeld
2007,9,39,0,6,Robert Kubica
2007,5,30,0,7,Heikki Kovalainen
2007,21,21,0,8,Giancarlo Fisichella
2007,3,20,0,9,Nico Rosberg
2007,14,14,0,10,David Coulthard
2007,25,13,0,11,Alexander Wurz
2007,17,10,0,12,Mark Webber
2007,15,8,0,13,Jarno Trulli
2007,20,6,0,14,Sebastian Vettel
2007,18,6,0,15,Jenson Button
2007,23,5,0,16,Ralf Schumacher
2007,11,4,0,17,Takuma Sato
2007,24,3,0,18,Vitantonio Liuzzi
2007,16,1,0,19,Adrian Sutil
2007,22,0,0,20,Rubens Barrichello
2007,29,0,0,24,Sakon Yamamoto
2007,27,0,0,25,Christijan Albers
2007,26,0,0,21,Scott Speed
2007,6,0,0,22,Kazuki Nakajima
2007,19,0,0,23,Anthony Davidson
2006,4,134,7,1,Fernando Alonso
2006,30,121,7,2,Michael Schumacher
2006,13,80,2,3,Felipe Massa
2006,21,72,1,4,Giancarlo Fisichella
2006,8,65,0,5,Kimi Räikkönen
2006,18,56,1,6,Jenson Button
2006,22,30,0,7,Rubens Barrichello
2006,31,26,0,8,Juan Pablo Montoya
2006,2,23,0,9,Nick Heidfeld
2006,23,20,0,10,Ralf Schumacher
2006,37,19,0,11,Pedro de la Rosa
2006,15,15,0,12,Jarno Trulli
2006,14,14,0,13,David Coulthard
2006,17,7,0,14,Mark Webber
2006,35,7,0,15,Jacques Villeneuve
2006,9,6,0,16,Robert Kubica
2006,3,4,0,17,Nico Rosberg
2006,32,2,0,18,Christian Klien
2006,24,1,0,19,Vitantonio Liuzzi
2006,29,0,0,26,Sakon Yamamoto
2006,11,0,0,23,Takuma Sato
2006,33,0,0,21,Tiago Monteiro
2006,27,0,0,22,Christijan Albers
2006,38,0,0,24,Robert Doornbos
2006,36,0,0,27,Franck Montagny
2006,34,0,0,25,Yuji Ide
2006,26,0,0,20,Scott Speed
2005,4,133,7,1,Fernando Alonso
2005,8,112,7,2,Kimi Räikkönen
2005,30,62,1,3,Michael Schumacher
2005,31,60,3,4,Juan Pablo Montoya
2005,21,58,1,5,Giancarlo Fisichella
2005,23,45,0,6,Ralf Schumacher
2005,15,43,0,7,Jarno Trulli
2005,22,38,0,8,Rubens Barrichello
2005,18,37,0,9,Jenson Button
2005,17,36,0,10,Mark Webber
2005,2,28,0,11,Nick Heidfeld
2005,14,24,0,12,David Coulthard
2005,13,11,0,13,Felipe Massa
2005,32,9,0,15,Christian Klien
2005,35,9,0,14,Jacques Villeneuve
2005,33,7,0,16,Tiago Monteiro
2005,25,6,0,17,Alexander Wurz
2005,39,5,0,18,Narain Karthikeyan
2005,37,4,0,20,Pedro de la Rosa
2005,27,4,0,19,Christijan Albers
2005,40,3,0,21,Patrick Friesacher
2005,42,2,0,22,Antônio Pizzonia
2005,24,1,0,24,Vitantonio Liuzzi
2005,11,1,0,23,Takuma Sato
2005,38,0,0,25,Robert Doornbos
2004,30,148,13,1,Michael Schumacher
2004,22,114,2,2,Rubens Barrichello
2004,18,85,0,3,Jenson Button
2004,4,59,0,4,Fernando Alonso
2004,31,58,1,5,Juan Pablo Montoya
2004,15,46,1,6,Jarno Trulli
2004,8,45,1,7,Kimi Räikkönen
2004,11,34,0,8,Takuma Sato
2004,14,24,0,10,David Coulthard
2004,23,24,0,9,Ralf Schumacher
2004,21,22,0,11,Giancarlo Fisichella
2004,13,12,0,12,Felipe Massa
2004,17,7,0,13,Mark Webber
2004,44,6,0,14,Olivier Panis
2004,42,6,0,15,Antônio Pizzonia
2004,2,3,0,18,Nick Heidfeld
2004,32,3,0,16,Christian Klien
2004,43,3,0,17,Cristiano da Matta
2004,10,2,0,19,Timo Glock
2004,47,1,0,20,Zsolt Baumgartner
2004,35,0,0,21,Jacques Villeneuve
2004,48,0,0,23,Marc Gené
2004,41,0,0,22,Ricardo Zonta
2004,46,0,0,25,Gianmaria Bruni
2004,45,0,0,24,Giorgio Pantano
2003,30,93,6,1,Michael Schumacher
2003,8,91,1,2,Kimi Räikkönen
2003,31,82,2,3,Juan Pablo Montoya
2003,22,65,2,4,Rubens Barrichello
2003,23,58,2,5,Ralf Schumacher
2003,4,55,1,6,Fernando Alonso
2003,14,51,1,7,David Coulthard
2003,15,33,0,8,Jarno Trulli
2003,18,17,0,9,Jenson Button
2003,17,17,0,10,Mark Webber
2003,49,13,0,11,Heinz-Harald Frentzen
2003,21,12,1,12,Giancarlo Fisichella
2003,43,10,0,13,Cristiano da Matta
2003,2,6,0,14,Nick Heidfeld
2003,44,6,0,15,Olivier Panis
2003,35,6,0,16,Jacques Villeneuve
2003,48,4,0,17,Marc Gené
2003,11,3,0,18,Takuma Sato
2003,51,1,0,20,Justin Wilson
2003,52,1,0,19,Ralph Firman
2003,50,0,0,22,Jos Verstappen
2003,47,0,0,24,Zsolt Baumgartner
2003,53,0,0,23,Nicolas Kiesa
2003,42,0,0,21,Antônio Pizzonia
2002,30,144,11,1,Michael Schumacher
2002,22,77,4,2,Rubens Barrichello
2002,31,50,0,3,Juan Pablo Montoya
2002,23,42,1,4,Ralf Schumacher
2002,14,41,1,5,David Coulthard
2002,8,24,0,6,Kimi Räikkönen
2002,18,14,0,7,Jenson Button
2002,15,9,0,8,Jarno Trulli
2002,56,8,0,9,Eddie Irvine
2002,2,7,0,10,Nick Heidfeld
2002,21,7,0,11,Giancarlo Fisichella
2002,13,4,0,13,Felipe Massa
2002,35,4,0,12,Jacques Villeneuve
2002,44,3,0,14,Olivier Panis
2002,17,2,0,16,Mark Webber
2002,49,2,0,18,Heinz-Harald Frentzen
2002,63,2,0,17,Mika Salo
2002,11,2,0,15,Takuma Sato
2002,37,0,0,21,Pedro de la Rosa
2002,62,0,0,20,Alex Yoong
2002,59,0,0,22,Enrique Bernoldi
2002,66,0,0,19,Allan McNish
2001,30,123,9,1,Michael Schumacher
2001,14,65,2,2,David Coulthard
2001,22,56,0,3,Rubens Barrichello
2001,23,49,3,4,Ralf Schumacher
2001,57,37,2,5,Mika Häkkinen
2001,31,31,1,6,Juan Pablo Montoya
2001,2,12,0,8,Nick Heidfeld
2001,15,12,0,9,Jarno Trulli
2001,35,12,0,7,Jacques Villeneuve
2001,8,9,0,10,Kimi Räikkönen
2001,21,8,0,11,Giancarlo Fisichella
2001,56,6,0,12,Eddie Irvine
2001,49,6,0,13,Heinz-Harald Frentzen
2001,55,5,0,15,Jean Alesi
2001,44,5,0,14,Olivier Panis
2001,37,3,0,16,Pedro de la Rosa
2001,18,2,0,17,Jenson Button
2001,50,1,0,18,Jos Verstappen
2001,4,0,0,23,Fernando Alonso
2001,58,0,0,22,Tarso Marques
2001,41,0,0,19,Ricardo Zonta
2001,60,0,0,25,Gastón Mazzacane
2001,54,0,0,20,Luciano Burti
2001,62,0,0,26,Alex Yoong
2001,61,0,0,24,Tomáš Enge
2001,59,0,0,21,Enrique Bernoldi
2000,30,108,9,1,Michael Schumacher
2000,57,89,4,2,Mika Häkkinen
2000,14,73,3,3,David Coulthard
2000,22,62,1,4,Rubens Barrichello
2000,23,24,0,5,Ralf Schumacher
2000,21,18,0,6,Giancarlo Fisichella
2000,35,17,0,7,Jacques Villeneuve
2000,18,12,0,8,Jenson Button
2000,49,11,0,9,Heinz-Harald Frentzen
2000,15,6,0,10,Jarno Trulli
2000,63,6,0,11,Mika Salo
2000,50,5,0,12,Jos Verstappen
2000,56,4,0,13,Eddie Irvine
2000,41,3,0,14,Ricardo Zonta
2000,37,2,0,16,Pedro de la Rosa
2000,25,2,0,15,Alexander Wurz
2000,2,0,0,20,Nick Heidfeld
2000,55,0,0,22,Jean Alesi
2000,65,0,0,17,Johnny Herbert
2000,64,0,0,18,Pedro Diniz
2000,48,0,0,19,Marc Gené
2000,60,0,0,21,Gastón Mazzacane
2000,54,0,0,23,Luciano Burti
1999,57,76,5,1,Mika Häkkinen
1999,56,74,4,2,Eddie Irvine
1999,49,54,2,3,Heinz-Harald Frentzen
1999,14,48,2,4,David Coulthard
1999,30,44,2,5,Michael Schumacher
1999,23,35,0,6,Ralf Schumacher
1999,22,21,0,7,Rubens Barrichello
1999,65,15,1,8,Johnny Herbert
1999,21,13,0,9,Giancarlo Fisichella
1999,63,10,0,10,Mika Salo
1999,15,7,0,11,Jarno Trulli
1999,71,7,0,12,Damon Hill
1999,64,3,0,14,Pedro Diniz
1999,25,3,0,13,Alexander Wurz
1999,55,2,0,15,Jean Alesi
1999,44,2,0,16,Olivier Panis
1999,37,1,0,18,Pedro de la Rosa
1999,48,1,0,17,Marc Gené
1999,70,0,0,19,Alessandro Zanardi
1999,69,0,0,23,Luca Badoer
1999,35,0,0,21,Jacques Villeneuve
1999,68,0,0,20,Toranosuke Takagi
1999,41,0,0,22,Ricardo Zonta
1998,57,100,8,1,Mika Häkkinen
1998,30,86,6,2,Michael Schumacher
1998,14,56,1,3,David Coulthard
1998,56,47,0,4,Eddie Irvine
1998,35,21,0,5,Jacques Villeneuve
1998,71,20,1,6,Damon Hill
1998,49,17,0,7,Heinz-Harald Frentzen
1998,25,17,0,8,Alexander Wurz
1998,21,16,0,9,Giancarlo Fisichella
1998,23,14,0,10,Ralf Schumacher
1998,55,9,0,11,Jean Alesi
1998,22,4,0,12,Rubens Barrichello
1998,63,3,0,13,Mika Salo
1998,64,3,0,14,Pedro Diniz
1998,15,1,0,16,Jarno Trulli
1998,65,1,0,15,Johnny Herbert
1998,76,1,0,17,Jan Magnussen
1998,50,0,0,23,Jos Verstappen
1998,44,0,0,22,Olivier Panis
1998,73,0,0,20,Ricardo Rosset
1998,75,0,0,18,Shinji Nakano
1998,68,0,0,21,Toranosuke Takagi
1998,74,0,0,19,Esteban Tuero
1997,35,81,7,1,Jacques Villeneuve
1997,30,78,5,26,Michael Schumacher
1997,49,42,1,2,Heinz-Harald Frentzen
1997,55,36,0,4,Jean Alesi
1997,14,36,2,3,David Coulthard
1997,77,27,1,5,Gerhard Berger
1997,57,27,1,6,Mika Häkkinen
1997,56,24,0,7,Eddie Irvine
1997,21,20,0,8,Giancarlo Fisichella
1997,44,16,0,9,Olivier Panis
1997,65,15,0,10,Johnny Herbert
1997,23,13,0,11,Ralf Schumacher
1997,71,7,0,12,Damon Hill
1997,22,6,0,13,Rubens Barrichello
1997,25,4,0,14,Alexander Wurz
1997,15,3,0,15,Jarno Trulli
1997,63,2,0,17,Mika Salo
1997,64,2,0,16,Pedro Diniz
1997,75,2,0,18,Shinji Nakano
1997,78,1,0,19,Nicola Larini
1997,81,0,0,22,Gianni Morbidelli
1997,79,0,0,24,Ukyo Katayama
1997,50,0,0,21,Jos Verstappen
1997,76,0,0,20,Jan Magnussen
1997,58,0,0,25,Tarso Marques
1997,82,0,0,23,Norberto Fontana
1996,71,97,8,1,Damon Hill
1996,35,78,4,2,Jacques Villeneuve
1996,30,59,3,3,Michael Schumacher
1996,55,47,0,4,Jean Alesi
1996,57,31,0,5,Mika Häkkinen
1996,77,21,0,6,Gerhard Berger
1996,14,18,0,7,David Coulthard
1996,22,14,0,8,Rubens Barrichello
1996,44,13,1,9,Olivier Panis
1996,56,11,0,10,Eddie Irvine
1996,84,8,0,11,Martin Brundle
1996,49,7,0,12,Heinz-Harald Frentzen
1996,63,5,0,13,Mika Salo
1996,65,4,0,14,Johnny Herbert
1996,64,2,0,15,Pedro Diniz
1996,50,1,0,16,Jos Verstappen
1996,79,0,0,17,Ukyo Katayama
1996,83,0,0,20,Pedro Lamy
1996,69,0,0,21,Luca Badoer
1996,85,0,0,23,Andrea Montermini
1996,73,0,0,18,Ricardo Rosset
1996,21,0,0,19,Giancarlo Fisichella
1996,86,0,0,22,Giovanni Lavaggi
1995,30,102,9,1,Michael Schumacher
1995,71,69,4,2,Damon Hill
1995,14,49,1,3,David Coulthard
1995,65,45,2,4,Johnny Herbert
1995,55,42,1,5,Jean Alesi
1995,77,31,0,6,Gerhard Berger
1995,57,17,0,7,Mika Häkkinen
1995,44,16,0,8,Olivier Panis
1995,49,15,0,9,Heinz-Harald Frentzen
1995,87,13,0,10,Mark Blundell
1995,22,11,0,11,Rubens Barrichello
1995,56,10,0,12,Eddie Irvine
1995,84,7,0,13,Martin Brundle
1995,81,5,0,14,Gianni Morbidelli
1995,63,5,0,15,Mika Salo
1995,96,3,0,16,Jean-Christophe Boullion
1995,88,1,0,17,Aguri Suzuki
1995,83,1,0,18,Pedro Lamy
1995,95,0,0,30,Nigel Mansell
1995,90,0,0,32,Roberto Moreno
1995,94,0,0,19,Pierluigi Martini
1995,99,0,0,33,Gabriele Tarquini
1995,92,0,0,26,Bertrand Gachot
1995,91,0,0,28,Karl Wendlinger
1995,79,0,0,20,Ukyo Katayama
1995,69,0,0,23,Luca Badoer
1995,50,0,0,31,Jos Verstappen
1995,85,0,0,25,Andrea Montermini
1995,93,0,0,27,Domenico Schiattarella
1995,89,0,0,24,Taki Inoue
1995,98,0,0,34,Jean-Denis Délétraz
1995,76,0,0,29,Jan Magnussen
1995,97,0,0,22,Massimiliano Papis
1995,64,0,0,21,Pedro Diniz
1994,30,92,8,1,Michael Schumacher
1994,71,91,6,2,Damon Hill
1994,77,41,1,3,Gerhard Berger
1994,57,26,0,4,Mika Häkkinen
1994,55,24,0,5,Jean Alesi
1994,22,19,0,6,Rubens Barrichello
1994,84,16,0,7,Martin Brundle
1994,14,14,0,8,David Coulthard
1994,95,13,1,9,Nigel Mansell
1994,50,10,0,10,Jos Verstappen
1994,44,9,0,11,Olivier Panis
1994,87,8,0,12,Mark Blundell
1994,49,7,0,13,Heinz-Harald Frentzen
1994,78,6,0,14,Nicola Larini
1994,104,6,0,15,Christian Fittipaldi
1994,56,6,0,16,Eddie Irvine
1994,79,5,0,17,Ukyo Katayama
1994,110,4,0,20,Andrea de Cesaris
1994,94,4,0,21,Pierluigi Martini
1994,103,4,0,18,Éric Bernard
1994,91,4,0,19,Karl Wendlinger
1994,81,3,0,22,Gianni Morbidelli
1994,100,2,0,23,Érik Comas
1994,105,1,0,25,Michele Alboreto
1994,109,1,0,24,Jyrki Järvilehto
1994,102,0,0,38,Ayrton Senna
1994,112,0,0,43,Philippe Alliot
1994,114,0,0,35,Yannick Dalmas
1994,88,0,0,42,Aguri Suzuki
1994,65,0,0,26,Johnny Herbert
1994,92,0,0,40,Bertrand Gachot
1994,101,0,0,31,David Brabham
1994,70,0,0,30,Alessandro Zanardi
1994,108,0,0,39,Paul Belmondo
1994,83,0,0,28,Pedro Lamy
1994,111,0,0,29,Jean-Marc Gounon
1994,85,0,0,46,Andrea Montermini
1994,107,0,0,34,Roland Ratzenberger
1994,106,0,0,27,Olivier Beretta
1994,113,0,0,36,Philippe Adams
1994,93,0,0,37,Domenico Schiattarella
1994,115,0,0,44,Hideki Noda
1994,63,0,0,32,Mika Salo
1994,116,0,0,33,Franck Lagorce
1994,89,0,0,45,Taki Inoue
1994,98,0,0,41,Jean-Denis Délétraz
1993,117,99,7,1,Alain Prost
1993,102,73,5,2,Ayrton Senna
1993,71,69,3,3,Damon Hill
1993,30,52,1,4,Michael Schumacher
1993,119,20,0,5,Riccardo Patrese
1993,55,16,0,6,Jean Alesi
1993,84,13,0,7,Martin Brundle
1993,77,12,0,8,Gerhard Berger
1993,65,11,0,9,Johnny Herbert
1993,87,10,0,10,Mark Blundell
1993,91,7,0,12,Karl Wendlinger
1993,121,7,0,11,Michael Andretti
1993,109,5,0,13,Jyrki Järvilehto
1993,104,5,0,14,Christian Fittipaldi
1993,118,4,0,16,Derek Warwick
1993,57,4,0,15,Mika Häkkinen
1993,22,2,0,18,Rubens Barrichello
1993,112,2,0,17,Philippe Alliot
1993,120,2,0,19,Fabrizio Barbazza
1993,70,1,0,20,Alessandro Zanardi
1993,100,1,0,21,Érik Comas
1993,56,1,0,22,Eddie Irvine
1993,110,0,0,27,Andrea de Cesaris
1993,105,0,0,29,Michele Alboreto
1993,123,0,0,26,Thierry Boutsen
1993,94,0,0,23,Pierluigi Martini
1993,88,0,0,24,Aguri Suzuki
1993,79,0,0,28,Ukyo Katayama
1993,126,0,0,31,Toshio Suzuki
1993,83,0,0,30,Pedro Lamy
1993,69,0,0,25,Luca Badoer
1992,95,108,9,1,Nigel Mansell
1992,119,56,1,2,Riccardo Patrese
1992,30,53,1,3,Michael Schumacher
1992,102,50,3,4,Ayrton Senna
1992,77,49,2,5,Gerhard Berger
1992,84,38,0,6,Martin Brundle
1992,55,18,0,7,Jean Alesi
1992,57,11,0,8,Mika Häkkinen
1992,110,8,0,9,Andrea de Cesaris
1992,105,6,0,10,Michele Alboreto
1992,100,4,0,11,Érik Comas
1992,122,3,0,13,Ivan Capelli
1992,91,3,0,12,Karl Wendlinger
1992,123,2,0,14,Thierry Boutsen
1992,94,2,0,16,Pierluigi Martini
1992,65,2,0,15,Johnny Herbert
1992,131,1,0,17,Stefano Modena
1992,92,1,0,19,Bertrand Gachot
1992,104,1,0,18,Christian Fittipaldi
1992,136,0,0,31,Jan Lammers
1992,99,0,0,32,Gabriele Tarquini
1992,78,0,0,29,Nicola Larini
1992,127,0,0,23,Maurício Gugelmin
1992,88,0,0,20,Aguri Suzuki
1992,129,0,0,24,Olivier Grouillard
1992,109,0,0,21,Jyrki Järvilehto
1992,81,0,0,22,Gianni Morbidelli
1992,128,0,0,27,Eric van de Poele
1992,79,0,0,25,Ukyo Katayama
1992,108,0,0,26,Paul Belmondo
1992,71,0,0,30,Damon Hill
1992,125,0,0,28,Emanuele Naspetti
1991,102,96,7,1,Ayrton Senna
1991,95,72,5,2,Nigel Mansell
1991,119,53,2,3,Riccardo Patrese
1991,77,43,1,4,Gerhard Berger
1991,117,34,0,5,Alain Prost
1991,137,26,1,6,Nelson Piquet
1991,55,21,0,7,Jean Alesi
1991,131,10,0,8,Stefano Modena
1991,110,9,0,9,Andrea de Cesaris
1991,90,8,0,10,Roberto Moreno
1991,94,6,0,11,Pierluigi Martini
1991,30,4,0,14,Michael Schumacher
1991,92,4,0,13,Bertrand Gachot
1991,109,4,0,12,Jyrki Järvilehto
1991,84,2,0,17,Martin Brundle
1991,138,2,0,15,Satoru Nakajima
1991,57,2,0,16,Mika Häkkinen
1991,122,1,0,20,Ivan Capelli
1991,141,1,0,23,Julian Bailey
1991,88,1,0,22,Aguri Suzuki
1991,139,1,0,18,Emanuele Pirro
1991,103,1,0,21,Éric Bernard
1991,87,1,0,19,Mark Blundell
1991,81,0,0,24,Gianni Morbidelli
1991,140,0,0,37,Stefan Johansson
1991,105,0,0,35,Michele Alboreto
1991,123,0,0,26,Thierry Boutsen
1991,133,0,0,33,Alex Caffi
1991,99,0,0,30,Gabriele Tarquini
1991,78,0,0,28,Nicola Larini
1991,127,0,0,25,Maurício Gugelmin
1991,65,0,0,27,Johnny Herbert
1991,129,0,0,34,Olivier Grouillard
1991,144,0,0,40,Naoki Hattori
1991,91,0,0,36,Karl Wendlinger
1991,70,0,0,31,Alessandro Zanardi
1991,143,0,0,39,Michael Bartels
1991,120,0,0,38,Fabrizio Barbazza
1991,128,0,0,32,Eric van de Poele
1991,142,0,0,41,Pedro Chaves
1991,100,0,0,29,Érik Comas
1990,102,78,6,1,Ayrton Senna
1990,117,71,5,2,Alain Prost
1990,137,43,2,3,Nelson Piquet
1990,77,43,0,4,Gerhard Berger
1990,95,37,1,5,Nigel Mansell
1990,123,34,1,6,Thierry Boutsen
1990,119,23,1,7,Riccardo Patrese
1990,145,21,0,8,Alessandro Nannini
1990,55,13,0,9,Jean Alesi
1990,90,6,0,11,Roberto Moreno
1990,122,6,0,10,Ivan Capelli
1990,88,6,0,12,Aguri Suzuki
1990,103,5,0,13,Éric Bernard
1990,118,3,0,14,Derek Warwick
1990,138,3,0,15,Satoru Nakajima
1990,133,2,0,16,Alex Caffi
1990,131,2,0,17,Stefano Modena
1990,127,1,0,18,Maurício Gugelmin
1990,152,0,0,39,Bruno Giacomelli
1990,110,0,0,27,Andrea de Cesaris
1990,140,0,0,36,Stefan Johansson
1990,105,0,0,24,Michele Alboreto
1990,112,0,0,23,Philippe Alliot
1990,94,0,0,21,Pierluigi Martini
1990,99,0,0,32,Gabriele Tarquini
1990,78,0,0,19,Nicola Larini
1990,114,0,0,25,Yannick Dalmas
1990,146,0,0,30,Bernd Schneider
1990,65,0,0,35,Johnny Herbert
1990,139,0,0,26,Emanuele Pirro
1990,129,0,0,31,Olivier Grouillard
1990,148,0,0,22,Gregor Foitek
1990,92,0,0,37,Bertrand Gachot
1990,151,0,0,20,Martin Donnelly
1990,109,0,0,29,Jyrki Järvilehto
1990,147,0,0,28,Paolo Barilla
1990,101,0,0,34,David Brabham
1990,150,0,0,40,Gary Brabham
1990,149,0,0,38,Claudio Langes
1990,81,0,0,33,Gianni Morbidelli
1989,117,76,4,1,Alain Prost
1989,102,60,6,2,Ayrton Senna
1989,119,40,0,3,Riccardo Patrese
1989,95,38,2,4,Nigel Mansell
1989,123,37,2,5,Thierry Boutsen
1989,145,32,1,6,Alessandro Nannini
1989,77,21,1,7,Gerhard Berger
1989,137,12,0,8,Nelson Piquet
1989,55,8,0,9,Jean Alesi
1989,118,7,0,10,Derek Warwick
1989,158,6,0,11,Eddie Cheever
1989,140,6,0,12,Stefan Johansson
1989,105,6,0,13,Michele Alboreto
1989,94,5,0,15,Pierluigi Martini
1989,65,5,0,14,Johnny Herbert
1989,110,4,0,17,Andrea de Cesaris
1989,84,4,0,20,Martin Brundle
1989,133,4,0,19,Alex Caffi
1989,131,4,0,18,Stefano Modena
1989,127,4,0,16,Maurício Gugelmin
1989,157,3,0,22,Christian Danner
1989,138,3,0,21,Satoru Nakajima
1989,163,2,0,24,René Arnoux
1989,156,2,0,25,Jonathan Palmer
1989,139,2,0,23,Emanuele Pirro
1989,112,1,0,29,Philippe Alliot
1989,99,1,0,27,Gabriele Tarquini
1989,159,1,0,28,Luis Pérez-Sala
1989,129,1,0,26,Olivier Grouillard
1989,160,0,0,37,Piercarlo Ghinzani
1989,90,0,0,35,Roberto Moreno
1989,122,0,0,30,Ivan Capelli
1989,78,0,0,33,Nicola Larini
1989,114,0,0,40,Yannick Dalmas
1989,165,0,0,45,Oscar Larrauri
1989,146,0,0,38,Bernd Schneider
1989,88,0,0,44,Aguri Suzuki
1989,162,0,0,39,Pierre-Henri Raphanel
1989,148,0,0,42,Gregor Foitek
1989,161,0,0,43,Volker Weidler
1989,164,0,0,46,Joachim Winkelhock
1989,92,0,0,32,Bertrand Gachot
1989,103,0,0,31,Éric Bernard
1989,151,0,0,34,Martin Donnelly
1989,134,0,0,47,Enrico Bertaggia
1989,109,0,0,36,Jyrki Järvilehto
1989,147,0,0,41,Paolo Barilla
1988,102,90,8,1,Ayrton Senna
1988,117,87,7,2,Alain Prost
1988,77,41,1,3,Gerhard Berger
1988,123,27,0,4,Thierry Boutsen
1988,105,24,0,5,Michele Alboreto
1988,137,22,0,6,Nelson Piquet
1988,118,17,0,8,Derek Warwick
1988,122,17,0,7,Ivan Capelli
1988,95,12,0,9,Nigel Mansell
1988,145,12,0,10,Alessandro Nannini
1988,119,8,0,11,Riccardo Patrese
1988,158,6,0,12,Eddie Cheever
1988,156,5,0,14,Jonathan Palmer
1988,127,5,0,13,Maurício Gugelmin
1988,110,3,0,15,Andrea de Cesaris
1988,94,1,0,17,Pierluigi Martini
1988,138,1,0,16,Satoru Nakajima
1988,163,0,0,28,René Arnoux
1988,140,0,0,25,Stefan Johansson
1988,160,0,0,33,Piercarlo Ghinzani
1988,168,0,0,30,Jean-Louis Schlesser
1988,112,0,0,24,Philippe Alliot
1988,84,0,0,20,Martin Brundle
1988,166,0,0,21,Philippe Streiff
1988,133,0,0,19,Alex Caffi
1988,167,0,0,34,Adrián Campos
1988,99,0,0,23,Gabriele Tarquini
1988,78,0,0,27,Nicola Larini
1988,114,0,0,18,Yannick Dalmas
1988,131,0,0,29,Stefano Modena
1988,159,0,0,22,Luis Pérez-Sala
1988,165,0,0,32,Oscar Larrauri
1988,141,0,0,26,Julian Bailey
1988,146,0,0,31,Bernd Schneider
1988,88,0,0,35,Aguri Suzuki
1988,162,0,0,36,Pierre-Henri Raphanel
1987,137,73,3,1,Nelson Piquet
1987,95,61,6,2,Nigel Mansell
1987,102,57,2,3,Ayrton Senna
1987,117,46,3,4,Alain Prost
1987,77,36,2,5,Gerhard Berger
1987,140,30,0,6,Stefan Johansson
1987,105,17,0,7,Michele Alboreto
1987,123,16,0,8,Thierry Boutsen
1987,170,12,0,9,Teo Fabi
1987,158,8,0,10,Eddie Cheever
1987,156,7,0,11,Jonathan Palmer
1987,138,7,0,12,Satoru Nakajima
1987,119,6,0,13,Riccardo Patrese
1987,110,4,0,14,Andrea de Cesaris
1987,166,4,0,15,Philippe Streiff
1987,118,3,0,16,Derek Warwick
1987,112,3,0,17,Philippe Alliot
1987,84,2,0,18,Martin Brundle
1987,163,1,0,20,René Arnoux
1987,90,1,0,21,Roberto Moreno
1987,122,1,0,19,Ivan Capelli
1987,160,0,0,24,Piercarlo Ghinzani
1987,157,0,0,23,Christian Danner
1987,145,0,0,26,Alessandro Nannini
1987,133,0,0,27,Alex Caffi
1987,169,0,0,25,Pascal Fabre
1987,167,0,0,28,Adrián Campos
1987,99,0,0,31,Gabriele Tarquini
1987,171,0,0,29,Franco Forini
1987,78,0,0,32,Nicola Larini
1987,114,0,0,22,Yannick Dalmas
1987,131,0,0,30,Stefano Modena
1986,117,72,4,1,Alain Prost
1986,95,70,5,2,Nigel Mansell
1986,137,69,4,3,Nelson Piquet
1986,102,55,2,4,Ayrton Senna
1986,140,23,0,5,Stefan Johansson
1986,177,22,0,6,Keke Rosberg
1986,77,17,1,7,Gerhard Berger
1986,172,14,0,8,Jacques Laffite
1986,163,14,0,10,René Arnoux
1986,105,14,0,9,Michele Alboreto
1986,84,8,0,11,Martin Brundle
1986,178,4,0,12,Alan Jones
1986,166,3,0,14,Philippe Streiff
1986,174,3,0,13,Johnny Dumfries
1986,175,2,0,15,Patrick Tambay
1986,119,2,0,17,Riccardo Patrese
1986,170,2,0,16,Teo Fabi
1986,112,1,0,19,Philippe Alliot
1986,157,1,0,18,Christian Danner
1986,158,0,0,32,Eddie Cheever
1986,173,0,0,25,Elio de Angelis
1986,176,0,0,26,Marc Surer
1986,110,0,0,24,Andrea de Cesaris
1986,118,0,0,21,Derek Warwick
1986,160,0,0,27,Piercarlo Ghinzani
1986,123,0,0,20,Thierry Boutsen
1986,156,0,0,22,Jonathan Palmer
1986,179,0,0,23,Huub Rothengatter
1986,122,0,0,31,Ivan Capelli
1986,145,0,0,29,Alessandro Nannini
1986,180,0,0,28,Allen Berg
1986,133,0,0,30,Alex Caffi
1985,117,73,5,1,Alain Prost
1985,105,53,2,2,Michele Alboreto
1985,177,40,2,3,Keke Rosberg
1985,102,38,2,4,Ayrton Senna
1985,173,33,1,5,Elio de Angelis
1985,95,31,2,6,Nigel Mansell
1985,140,26,0,7,Stefan Johansson
1985,137,21,1,8,Nelson Piquet
1985,172,16,0,9,Jacques Laffite
1985,182,14,1,10,Niki Lauda
1985,175,11,0,12,Patrick Tambay
1985,123,11,0,11,Thierry Boutsen
1985,176,5,0,13,Marc Surer
1985,118,5,0,14,Derek Warwick
1985,185,4,0,16,Stefan Bellof
1985,166,4,0,15,Philippe Streiff
1985,163,3,0,19,René Arnoux
1985,110,3,0,17,Andrea de Cesaris
1985,77,3,0,20,Gerhard Berger
1985,122,3,0,18,Ivan Capelli
1985,187,0,0,23,John Watson
1985,178,0,0,35,Alan Jones
1985,119,0,0,25,Riccardo Patrese
1985,158,0,0,26,Eddie Cheever
1985,181,0,0,30,Manfred Winkelhock
1985,160,0,0,27,Piercarlo Ghinzani
1985,184,0,0,34,Mauro Baldi
1985,170,0,0,31,Teo Fabi
1985,186,0,0,33,Kenny Acheson
1985,156,0,0,29,Jonathan Palmer
1985,183,0,0,36,François Hesnault
1985,112,0,0,28,Philippe Alliot
1985,84,0,0,21,Martin Brundle
1985,179,0,0,22,Huub Rothengatter
1985,94,0,0,24,Pierluigi Martini
1985,157,0,0,32,Christian Danner
1984,182,72,5,1,Niki Lauda
1984,117,71,7,2,Alain Prost
1984,173,34,0,3,Elio de Angelis
1984,105,30,1,4,Michele Alboreto
1984,137,29,2,5,Nelson Piquet
1984,163,27,0,6,René Arnoux
1984,118,23,0,7,Derek Warwick
1984,177,20,1,8,Keke Rosberg
1984,95,13,0,10,Nigel Mansell
1984,102,13,0,9,Ayrton Senna
1984,175,11,0,11,Patrick Tambay
1984,170,9,0,12,Teo Fabi
1984,119,8,0,13,Riccardo Patrese
1984,172,5,0,14,Jacques Laffite
1984,123,5,0,15,Thierry Boutsen
1984,158,3,0,16,Eddie Cheever
1984,110,3,0,18,Andrea de Cesaris
1984,140,3,0,17,Stefan Johansson
1984,160,2,0,19,Piercarlo Ghinzani
1984,176,1,0,20,Marc Surer
1984,181,0,0,26,Manfred Winkelhock
1984,191,0,0,34,Mike Thackwell
1984,184,0,0,25,Mauro Baldi
1984,188,0,0,29,Johnny Cecotto
1984,190,0,0,24,Corrado Fabi
1984,156,0,0,27,Jonathan Palmer
1984,183,0,0,23,François Hesnault
1984,112,0,0,30,Philippe Alliot
1984,84,0,0,31,Martin Brundle
1984,185,0,0,32,Stefan Bellof
1984,189,0,0,21,Jo Gartner
1984,179,0,0,28,Huub Rothengatter
1984,77,0,0,22,Gerhard Berger
1984,94,0,0,35,Pierluigi Martini
1984,166,0,0,33,Philippe Streiff
1983,137,59,3,1,Nelson Piquet
1983,117,57,4,2,Alain Prost
1983,163,49,3,3,René Arnoux
1983,175,40,1,4,Patrick Tambay
1983,177,27,1,5,Keke Rosberg
1983,187,22,1,6,John Watson
1983,158,22,0,7,Eddie Cheever
1983,110,15,0,8,Andrea de Cesaris
1983,119,13,1,9,Riccardo Patrese
1983,182,12,0,10,Niki Lauda
1983,172,11,0,11,Jacques Laffite
1983,95,10,0,13,Nigel Mansell
1983,105,10,1,12,Michele Alboreto
1983,118,9,0,14,Derek Warwick
1983,176,4,0,15,Marc Surer
1983,184,3,0,16,Mauro Baldi
1983,173,2,0,18,Elio de Angelis
1983,193,2,0,17,Danny Sullivan
1983,152,1,0,19,Bruno Giacomelli
1983,188,1,0,20,Johnny Cecotto
1983,197,0,0,22,Jean-Pierre Jarier
1983,178,0,0,33,Alan Jones
1983,181,0,0,26,Manfred Winkelhock
1983,140,0,0,25,Stefan Johansson
1983,194,0,0,32,Eliseo Salazar
1983,192,0,0,23,Chico Serra
1983,160,0,0,28,Piercarlo Ghinzani
1983,198,0,0,34,Jacques Villeneuve Sr.
1983,195,0,0,29,Roberto Guerrero
1983,196,0,0,24,Raul Boesel
1983,190,0,0,27,Corrado Fabi
1983,168,0,0,35,Jean-Louis Schlesser
1983,123,0,0,21,Thierry Boutsen
1983,186,0,0,30,Kenny Acheson
1983,156,0,0,31,Jonathan Palmer
1982,177,44,1,1,Keke Rosberg
1982,187,39,2,3,John Watson
1982,202,39,2,2,Didier Pironi
1982,117,34,2,4,Alain Prost
1982,182,30,2,5,Niki Lauda
1982,163,28,2,6,René Arnoux
1982,175,25,1,7,Patrick Tambay
1982,105,25,1,8,Michele Alboreto
1982,173,23,1,9,Elio de Angelis
1982,119,21,1,10,Riccardo Patrese
1982,137,20,1,11,Nelson Piquet
1982,158,15,0,12,Eddie Cheever
1982,206,8,0,13,Derek Daly
1982,95,7,0,14,Nigel Mansell
1982,199,6,0,16,Carlos Reutemann
1982,203,6,0,15,Gilles Villeneuve
1982,172,5,0,18,Jacques Laffite
1982,110,5,0,17,Andrea de Cesaris
1982,207,4,0,19,Mario Andretti
1982,197,3,0,20,Jean-Pierre Jarier
1982,176,3,0,21,Marc Surer
1982,152,2,0,22,Bruno Giacomelli
1982,181,2,0,24,Manfred Winkelhock
1982,194,2,0,23,Eliseo Salazar
1982,184,2,0,25,Mauro Baldi
1982,192,1,0,26,Chico Serra
1982,200,0,0,28,Jochen Mass
1982,205,0,0,27,Brian Henton
1982,208,0,0,39,Emilio de Villota
1982,211,0,0,33,Rupert Keegan
1982,209,0,0,34,Geoff Lees
1982,136,0,0,38,Jan Lammers
1982,201,0,0,29,Slim Borgudd
1982,118,0,0,32,Derek Warwick
1982,210,0,0,37,Tommy Byrne
1982,90,0,0,40,Roberto Moreno
1982,170,0,0,35,Teo Fabi
1982,195,0,0,31,Roberto Guerrero
1982,204,0,0,36,Riccardo Paletti
1982,196,0,0,30,Raul Boesel
1981,137,50,3,1,Nelson Piquet
1981,199,49,2,2,Carlos Reutemann
1981,178,46,2,3,Alan Jones
1981,172,44,2,4,Jacques Laffite
1981,117,43,3,5,Alain Prost
1981,187,27,1,6,John Watson
1981,203,25,2,7,Gilles Villeneuve
1981,173,14,0,8,Elio de Angelis
1981,212,11,0,10,Hector Rebaque
1981,163,11,0,9,René Arnoux
1981,119,10,0,11,Riccardo Patrese
1981,158,10,0,12,Eddie Cheever
1981,202,9,0,13,Didier Pironi
1981,95,8,0,14,Nigel Mansell
1981,152,7,0,15,Bruno Giacomelli
1981,176,4,0,16,Marc Surer
1981,207,3,0,17,Mario Andretti
1981,175,1,0,19,Patrick Tambay
1981,110,1,0,18,Andrea de Cesaris
1981,194,1,0,21,Eliseo Salazar
1981,201,1,0,20,Slim Borgudd
1981,197,0,0,22,Jean-Pierre Jarier
1981,219,0,0,32,Jean-Pierre Jabouille
1981,205,0,0,28,Brian Henton
1981,220,0,0,38,Giorgio Francia
1981,206,0,0,23,Derek Daly
1981,213,0,0,34,Beppe Gabbiani
1981,177,0,0,26,Keke Rosberg
1981,217,0,0,30,Ricardo Zunino
1981,136,0,0,29,Jan Lammers
1981,214,0,0,36,Kevin Cogan
1981,192,0,0,25,Chico Serra
1981,215,0,0,35,Miguel Ángel Guerra
1981,216,0,0,24,Siegfried Stohr
1981,218,0,0,39,Ricardo Londoño
1981,105,0,0,27,Michele Alboreto
1981,118,0,0,33,Derek Warwick
1981,160,0,0,31,Piercarlo Ghinzani
1981,198,0,0,37,Jacques Villeneuve Sr.
1980,178,67,5,1,Alan Jones
1980,137,54,3,2,Nelson Piquet
1980,199,42,1,3,Carlos Reutemann
1980,172,34,1,4,Jacques Laffite
1980,202,32,1,5,Didier Pironi
1980,163,29,2,6,René Arnoux
1980,173,13,0,7,Elio de Angelis
1980,219,9,1,8,Jean-Pierre Jabouille
1980,119,7,0,9,Riccardo Patrese
1980,197,6,0,13,Jean-Pierre Jarier
1980,187,6,0,11,John Watson
1980,203,6,0,14,Gilles Villeneuve
1980,206,6,0,12,Derek Daly
1980,177,6,0,10,Keke Rosberg
1980,224,5,0,15,Emerson Fittipaldi
1980,117,5,0,16,Alain Prost
1980,200,4,0,17,Jochen Mass
1980,152,4,0,18,Bruno Giacomelli
1980,222,2,0,19,Jody Scheckter
1980,207,1,0,20,Mario Andretti
1980,212,1,0,21,Hector Rebaque
1980,223,0,0,25,Clay Regazzoni
1980,221,0,0,29,Patrick Depailler
1980,230,0,0,31,Vittorio Brambilla
1980,229,0,0,37,Harald Ertl
1980,211,0,0,24,Rupert Keegan
1980,209,0,0,28,Geoff Lees
1980,158,0,0,27,Eddie Cheever
1980,217,0,0,23,Ricardo Zunino
1980,176,0,0,22,Marc Surer
1980,136,0,0,26,Jan Lammers
1980,214,0,0,41,Kevin Cogan
1980,110,0,0,32,Andrea de Cesaris
1980,181,0,0,38,Manfred Winkelhock
1980,191,0,0,34,Mike Thackwell
1980,95,0,0,30,Nigel Mansell
1980,228,0,0,40,Desiré Wilson
1980,227,0,0,33,Tiff Needell
1980,226,0,0,39,Stephen South
1980,140,0,0,36,Stefan Johansson
1980,225,0,0,35,Dave Kennedy
1979,222,51,3,1,Jody Scheckter
1979,203,47,3,2,Gilles Villeneuve
1979,178,40,4,3,Alan Jones
1979,172,36,2,4,Jacques Laffite
1979,223,29,1,5,Clay Regazzoni
1979,199,20,0,7,Carlos Reutemann
1979,221,20,1,6,Patrick Depailler
1979,163,17,0,8,René Arnoux
1979,187,15,0,9,John Watson
1979,207,14,0,12,Mario Andretti
1979,197,14,0,11,Jean-Pierre Jarier
1979,202,14,0,10,Didier Pironi
1979,219,9,1,13,Jean-Pierre Jabouille
1979,182,4,0,14,Niki Lauda
1979,235,3,0,17,Jacky Ickx
1979,200,3,0,18,Jochen Mass
1979,137,3,0,16,Nelson Piquet
1979,173,3,0,15,Elio de Angelis
1979,233,2,0,19,Hans-Joachim Stuck
1979,119,2,0,20,Riccardo Patrese
1979,224,1,0,21,Emerson Fittipaldi
1979,232,0,0,34,Arturo Merzario
1979,231,0,0,27,James Hunt
1979,230,0,0,30,Vittorio Brambilla
1979,237,0,0,36,Alex Ribeiro
1979,175,0,0,23,Patrick Tambay
1979,152,0,0,32,Bruno Giacomelli
1979,212,0,0,22,Hector Rebaque
1979,206,0,0,26,Derek Daly
1979,209,0,0,25,Geoff Lees
1979,177,0,0,29,Keke Rosberg
1979,217,0,0,24,Ricardo Zunino
1979,176,0,0,33,Marc Surer
1979,236,0,0,31,Patrick Gaillard
1979,234,0,0,35,Gianfranco Brancatelli
1979,136,0,0,28,Jan Lammers
1978,207,64,6,1,Mario Andretti
1978,238,51,2,2,Ronnie Peterson
1978,199,48,4,3,Carlos Reutemann
1978,182,44,2,4,Niki Lauda
1978,221,34,1,5,Patrick Depailler
1978,187,25,0,6,John Watson
1978,222,24,0,7,Jody Scheckter
1978,172,19,0,8,Jacques Laffite
1978,224,17,0,10,Emerson Fittipaldi
1978,203,17,1,9,Gilles Villeneuve
1978,178,11,0,11,Alan Jones
1978,119,11,0,12,Riccardo Patrese
1978,231,8,0,13,James Hunt
1978,175,8,0,14,Patrick Tambay
1978,202,7,0,15,Didier Pironi
1978,223,4,0,16,Clay Regazzoni
1978,219,3,0,17,Jean-Pierre Jabouille
1978,233,2,0,18,Hans-Joachim Stuck
1978,230,1,0,19,Vittorio Brambilla
1978,212,1,0,21,Hector Rebaque
1978,206,1,0,20,Derek Daly
1978,235,0,0,32,Jacky Ickx
1978,243,0,0,27,Rolf Stommelen
1978,197,0,0,25,Jean-Pierre Jarier
1978,232,0,0,34,Arturo Merzario
1978,200,0,0,24,Jochen Mass
1978,239,0,0,22,Brett Lunger
1978,245,0,0,46,Tony Trimmer
1978,229,0,0,31,Harald Ertl
1978,246,0,0,45,Hans Binder
1978,242,0,0,40,Divina Galica
1978,208,0,0,41,Emilio de Villota
1978,240,0,0,36,Danny Ongais
1978,241,0,0,37,Lamberto Leoni
1978,152,0,0,23,Bruno Giacomelli
1978,247,0,0,35,Michael Bleekemolen
1978,211,0,0,30,Rupert Keegan
1978,213,0,0,38,Beppe Gabbiani
1978,249,0,0,33,Bobby Rahal
1978,248,0,0,43,Carlo Franchi
1978,137,0,0,28,Nelson Piquet
1978,209,0,0,44,Geoff Lees
1978,244,0,0,42,Alberto Colombo
1978,163,0,0,26,René Arnoux
1978,177,0,0,29,Keke Rosberg
1978,158,0,0,39,Eddie Cheever
1977,182,72,3,1,Niki Lauda
1977,222,55,3,2,Jody Scheckter
1977,207,47,4,3,Mario Andretti
1977,199,42,1,4,Carlos Reutemann
1977,231,40,3,5,James Hunt
1977,200,25,0,6,Jochen Mass
1977,178,22,1,7,Alan Jones
1977,221,20,0,9,Patrick Depailler
1977,255,20,1,8,Gunnar Nilsson
1977,172,18,1,10,Jacques Laffite
1977,233,12,0,11,Hans-Joachim Stuck
1977,224,11,0,12,Emerson Fittipaldi
1977,187,9,0,13,John Watson
1977,238,7,0,14,Ronnie Peterson
1977,250,6,0,15,Carlos Pace
1977,230,6,0,16,Vittorio Brambilla
1977,223,5,0,17,Clay Regazzoni
1977,175,5,0,18,Patrick Tambay
1977,197,1,0,19,Jean-Pierre Jarier
1977,254,1,0,21,Renzo Zorzi
1977,119,1,0,20,Riccardo Patrese
1977,235,0,0,35,Jacky Ickx
1977,262,0,0,31,Jackie Oliver
1977,232,0,0,41,Arturo Merzario
1977,259,0,0,39,David Purley
1977,252,0,0,43,Tom Pryce
1977,256,0,0,38,Larry Perkins
1977,270,0,0,42,Ian Ashley
1977,219,0,0,45,Jean-Pierre Jabouille
1977,269,0,0,52,Teddy Pilette
1977,267,0,0,24,Vern Schuppan
1977,251,0,0,33,Ian Scheckter
1977,265,0,0,56,Guy Edwards
1977,239,0,0,29,Brett Lunger
1977,245,0,0,60,Tony Trimmer
1977,229,0,0,30,Harald Ertl
1977,205,0,0,34,Brian Henton
1977,273,0,0,37,Kazuyoshi Hoshino
1977,274,0,0,48,Noritake Takahara
1977,237,0,0,27,Alex Ribeiro
1977,260,0,0,51,Conny Andersson
1977,257,0,0,46,Boy Lunger
1977,246,0,0,28,Hans Binder
1977,258,0,0,23,Patrick Nève
1977,208,0,0,40,Emilio de Villota
1977,271,0,0,57,Loris Kessel
1977,253,0,0,25,Ingo Hoffmann
1977,272,0,0,32,Kunimitsu Takahashi
1977,240,0,0,26,Danny Ongais
1977,220,0,0,59,Giorgio Francia
1977,241,0,0,50,Lamberto Leoni
1977,152,0,0,44,Bruno Giacomelli
1977,247,0,0,58,Michael Bleekemolen
1977,268,0,0,49,Hans Heyer
1977,266,0,0,61,Brian McGuire
1977,264,0,0,55,Andy Sutcliffe
1977,203,0,0,36,Gilles Villeneuve
1977,263,0,0,54,Mikko Kozarowitzky
1977,212,0,0,47,Hector Rebaque
1977,261,0,0,53,Bernard de Dryver
1977,211,0,0,22,Rupert Keegan
1976,231,69,6,1,James Hunt
1976,182,68,5,2,Niki Lauda
1976,222,49,1,3,Jody Scheckter
1976,221,39,0,4,Patrick Depailler
1976,223,31,1,5,Clay Regazzoni
1976,207,22,1,6,Mario Andretti
1976,187,20,1,7,John Watson
1976,172,20,0,8,Jacques Laffite
1976,200,19,0,9,Jochen Mass
1976,255,11,0,10,Gunnar Nilsson
1976,238,10,1,11,Ronnie Peterson
1976,252,10,0,12,Tom Pryce
1976,233,8,0,13,Hans-Joachim Stuck
1976,250,7,0,14,Carlos Pace
1976,178,7,0,15,Alan Jones
1976,224,3,0,17,Emerson Fittipaldi
1976,199,3,0,16,Carlos Reutemann
1976,278,2,0,18,Chris Amon
1976,243,1,0,20,Rolf Stommelen
1976,230,1,0,19,Vittorio Brambilla
1976,235,0,0,23,Jacky Ickx
1976,280,0,0,25,Henri Pescarolo
1976,197,0,0,22,Jean-Pierre Jarier
1976,232,0,0,26,Arturo Merzario
1976,256,0,0,24,Larry Perkins
1976,270,0,0,44,Ian Ashley
1976,283,0,0,54,Mike Wilds
1976,275,0,0,35,Lella Lombardi
1976,251,0,0,46,Ian Scheckter
1976,265,0,0,39,Guy Edwards
1976,277,0,0,29,Michel Leclère
1976,254,0,0,28,Renzo Zorzi
1976,239,0,0,30,Brett Lunger
1976,245,0,0,47,Tony Trimmer
1976,229,0,0,21,Harald Ertl
1976,282,0,0,53,Damien Magee
1976,276,0,0,31,Bob Evans
1976,273,0,0,43,Kazuyoshi Hoshino
1976,287,0,0,34,Masahiro Hasemi
1976,274,0,0,27,Noritake Takahara
1976,286,0,0,38,Warwick Brown
1976,237,0,0,37,Alex Ribeiro
1976,285,0,0,48,Otto Stuppacher
1976,260,0,0,45,Conny Andersson
1976,257,0,0,42,Boy Lunger
1976,246,0,0,41,Hans Binder
1976,284,0,0,32,Alessandro Pesenti-Rossi
1976,242,0,0,52,Divina Galica
1976,281,0,0,49,Jac Nelleman
1976,258,0,0,40,Patrick Nève
1976,208,0,0,51,Emilio de Villota
1976,279,0,0,50,Emilio Zapico
1976,271,0,0,36,Loris Kessel
1976,253,0,0,33,Ingo Hoffmann
1975,182,64,5,1,Niki Lauda
1975,224,45,2,2,Emerson Fittipaldi
1975,199,37,1,3,Carlos Reutemann
1975,231,33,1,4,James Hunt
1975,223,25,1,5,Clay Regazzoni
1975,250,24,1,6,Carlos Pace
1975,222,20,1,7,Jody Scheckter
1975,200,20,1,8,Jochen Mass
1975,221,12,0,9,Patrick Depailler
1975,252,8,0,10,Tom Pryce
1975,230,6,1,11,Vittorio Brambilla
1975,238,6,0,13,Ronnie Peterson
1975,172,6,0,12,Jacques Laffite
1975,207,5,0,14,Mario Andretti
1975,288,4,0,15,Mark Donohue
1975,235,3,0,16,Jacky Ickx
1975,178,2,0,17,Alan Jones
1975,197,1,0,18,Jean-Pierre Jarier
1975,298,1,0,20,Gijs van Lennep
1975,294,1,0,19,Tony Brise
1975,275,0,0,21,Lella Lombardi
1975,289,0,0,28,Graham Hill
1975,278,0,0,33,Chris Amon
1975,293,0,0,38,Dave Charlton
1975,243,0,0,22,Rolf Stommelen
1975,232,0,0,31,Arturo Merzario
1975,296,0,0,44,François Migault
1975,290,0,0,27,Wilson Fittipaldi
1975,187,0,0,23,John Watson
1975,292,0,0,37,Eddie Keizan
1975,233,0,0,25,Hans-Joachim Stuck
1975,270,0,0,51,Ian Ashley
1975,283,0,0,46,Mike Wilds
1975,300,0,0,42,John Nicholson
1975,219,0,0,35,Jean-Pierre Jabouille
1975,267,0,0,48,Vern Schuppan
1975,251,0,0,34,Ian Scheckter
1975,277,0,0,47,Michel Leclère
1975,254,0,0,40,Renzo Zorzi
1975,303,0,0,49,Jo Vonlanthen
1975,239,0,0,29,Brett Lunger
1975,245,0,0,52,Tony Trimmer
1975,229,0,0,24,Harald Ertl
1975,302,0,0,36,Jim Crawford
1975,301,0,0,43,Dave Morgan
1975,205,0,0,41,Brian Henton
1975,299,0,0,50,Hiroshi Fushida
1975,282,0,0,39,Damien Magee
1975,297,0,0,30,Torsten Palm
1975,295,0,0,45,Roelof Wunderink
1975,276,0,0,26,Bob Evans
1975,291,0,0,32,Guy Tunmer
1974,224,55,3,1,Emerson Fittipaldi
1974,223,52,1,2,Clay Regazzoni
1974,222,45,2,3,Jody Scheckter
1974,182,38,2,4,Niki Lauda
1974,238,35,3,5,Ronnie Peterson
1974,199,32,3,6,Carlos Reutemann
1974,304,20,1,7,Denny Hulme
1974,231,15,0,8,James Hunt
1974,221,14,0,9,Patrick Depailler
1974,305,12,0,11,Mike Hailwood
1974,235,12,0,10,Jacky Ickx
1974,250,11,0,12,Carlos Pace
1974,306,10,0,13,Jean-Pierre Beltoise
1974,197,6,0,14,Jean-Pierre Jarier
1974,187,6,0,15,John Watson
1974,233,5,0,16,Hans-Joachim Stuck
1974,232,4,0,17,Arturo Merzario
1974,289,1,0,18,Graham Hill
1974,252,1,0,19,Tom Pryce
1974,230,1,0,20,Vittorio Brambilla
1974,278,0,0,30,Chris Amon
1974,310,0,0,53,Paddy Driver
1974,309,0,0,50,Peter Revson
1974,293,0,0,46,Dave Charlton
1974,322,0,0,22,David Hobbs
1974,312,0,0,24,Brian Redman
1974,207,0,0,25,Mario Andretti
1974,280,0,0,29,Henri Pescarolo
1974,321,0,0,35,Derek Bell
1974,243,0,0,34,Rolf Stommelen
1974,317,0,0,48,Reine Wisell
1974,320,0,0,54,Peter Gethin
1974,314,0,0,32,Tim Schenken
1974,307,0,0,26,Howden Ganley
1974,288,0,0,36,Mark Donohue
1974,298,0,0,40,Gijs van Lennep
1974,296,0,0,38,François Migault
1974,200,0,0,23,Jochen Mass
1974,313,0,0,28,Rikky von Opel
1974,259,0,0,58,David Purley
1974,292,0,0,41,Eddie Keizan
1974,326,0,0,56,Eppie Wietzes
1974,325,0,0,59,Carlo Facetti
1974,324,0,0,33,Helmuth Koinigg
1974,323,0,0,31,Dieter Quester
1974,256,0,0,61,Larry Perkins
1974,172,0,0,43,Jacques Laffite
1974,270,0,0,39,Ian Ashley
1974,283,0,0,47,Mike Wilds
1974,300,0,0,62,John Nicholson
1974,275,0,0,60,Lella Lombardi
1974,319,0,0,49,José Dolhem
1974,219,0,0,57,Jean-Pierre Jabouille
1974,318,0,0,55,Bertil Roos
1974,316,0,0,51,Leo Kinnunen
1974,315,0,0,52,Gérard Larrousse
1974,269,0,0,45,Teddy Pilette
1974,267,0,0,44,Vern Schuppan
1974,311,0,0,27,Tom Belsø
1974,251,0,0,37,Ian Scheckter
1974,308,0,0,42,Richard Robarts
1974,265,0,0,21,Guy Edwards
1973,328,71,5,1,Jackie Stewart
1973,224,55,3,2,Emerson Fittipaldi
1973,238,52,4,3,Ronnie Peterson
1973,327,47,0,4,François Cevert
1973,309,38,2,5,Peter Revson
1973,304,26,1,6,Denny Hulme
1973,199,16,0,7,Carlos Reutemann
1973,231,14,0,8,James Hunt
1973,235,12,0,9,Jacky Ickx
1973,306,9,0,10,Jean-Pierre Beltoise
1973,250,7,0,11,Carlos Pace
1973,232,6,0,12,Arturo Merzario
1973,332,5,0,13,George Follmer
1973,262,4,0,14,Jackie Oliver
1973,333,3,0,15,Andrea de Adamich
1973,290,3,0,16,Wilson Fittipaldi
1973,223,2,0,18,Clay Regazzoni
1973,182,2,0,17,Niki Lauda
1973,278,1,0,21,Chris Amon
1973,307,1,0,19,Howden Ganley
1973,298,1,0,20,Gijs van Lennep
1973,289,0,0,26,Graham Hill
1973,305,0,0,22,Mike Hailwood
1973,293,0,0,40,Dave Charlton
1973,334,0,0,37,Jackie Pretorius
1973,280,0,0,25,Henri Pescarolo
1973,243,0,0,30,Rolf Stommelen
1973,317,0,0,39,Reine Wisell
1973,320,0,0,41,Peter Gethin
1973,330,0,0,27,Nanni Galli
1973,314,0,0,34,Tim Schenken
1973,197,0,0,31,Jean-Pierre Jarier
1973,329,0,0,23,Mike Beuttler
1973,222,0,0,29,Jody Scheckter
1973,336,0,0,42,Graham McRae
1973,335,0,0,38,Roger Williamson
1973,200,0,0,24,Jochen Mass
1973,187,0,0,36,John Watson
1973,313,0,0,33,Rikky von Opel
1973,259,0,0,28,David Purley
1973,292,0,0,35,Eddie Keizan
1973,331,0,0,32,Luiz Bueno
1972,224,61,5,1,Emerson Fittipaldi
1972,328,45,4,2,Jackie Stewart
1972,304,39,1,3,Denny Hulme
1972,235,27,1,4,Jacky Ickx
1972,309,23,0,5,Peter Revson
1972,223,15,0,7,Clay Regazzoni
1972,327,15,0,6,François Cevert
1972,305,13,0,8,Mike Hailwood
1972,278,12,0,10,Chris Amon
1972,238,12,0,9,Ronnie Peterson
1972,306,9,1,11,Jean-Pierre Beltoise
1972,289,4,0,15,Graham Hill
1972,312,4,0,14,Brian Redman
1972,207,4,0,12,Mario Andretti
1972,307,4,0,13,Howden Ganley
1972,333,3,0,17,Andrea de Adamich
1972,250,3,0,18,Carlos Pace
1972,199,3,0,16,Carlos Reutemann
1972,314,2,0,19,Tim Schenken
1972,320,1,0,21,Peter Gethin
1972,232,1,0,20,Arturo Merzario
1972,341,0,0,36,John Surtees
1972,340,0,0,35,John Love
1972,293,0,0,40,Dave Charlton
1972,262,0,0,37,Jackie Oliver
1972,343,0,0,41,Bill Brack
1972,280,0,0,27,Henri Pescarolo
1972,321,0,0,42,Derek Bell
1972,243,0,0,30,Rolf Stommelen
1972,317,0,0,31,Reine Wisell
1972,330,0,0,33,Nanni Galli
1972,339,0,0,38,Alex Soler-Roig
1972,344,0,0,32,Sam Posey
1972,182,0,0,23,Niki Lauda
1972,337,0,0,25,Helmut Marko
1972,329,0,0,26,Mike Beuttler
1972,338,0,0,28,David Walker
1972,342,0,0,34,Skip Barber
1972,222,0,0,29,Jody Scheckter
1972,296,0,0,39,François Migault
1972,221,0,0,24,Patrick Depailler
1972,290,0,0,22,Wilson Fittipaldi
1971,328,62,6,1,Jackie Stewart
1971,238,33,0,2,Ronnie Peterson
1971,327,26,1,3,François Cevert
1971,346,19,1,5,Jo Siffert
1971,235,19,1,4,Jacky Ickx
1971,224,16,0,6,Emerson Fittipaldi
1971,223,13,0,7,Clay Regazzoni
1971,207,12,1,8,Mario Andretti
1971,278,9,0,11,Chris Amon
1971,345,9,0,10,Pedro Rodríguez
1971,304,9,0,13,Denny Hulme
1971,317,9,0,12,Reine Wisell
1971,320,9,1,9,Peter Gethin
1971,314,5,0,14,Tim Schenken
1971,307,5,0,15,Howden Ganley
1971,280,4,0,17,Henri Pescarolo
1971,288,4,0,16,Mark Donohue
1971,341,3,0,19,John Surtees
1971,305,3,0,18,Mike Hailwood
1971,243,3,0,20,Rolf Stommelen
1971,289,2,0,21,Graham Hill
1971,306,1,0,22,Jean-Pierre Beltoise
1971,347,0,0,26,Jo Bonnier
1971,353,0,0,41,Pete Lovely
1971,340,0,0,44,John Love
1971,309,0,0,50,Peter Revson
1971,293,0,0,42,Dave Charlton
1971,334,0,0,46,Jackie Pretorius
1971,262,0,0,23,Jackie Oliver
1971,351,0,0,45,Silvio Moser
1971,322,0,0,27,David Hobbs
1971,350,0,0,31,Vic Elford
1971,312,0,0,24,Brian Redman
1971,321,0,0,43,Derek Bell
1971,333,0,0,30,Andrea de Adamich
1971,352,0,0,34,George Eaton
1971,330,0,0,28,Nanni Galli
1971,339,0,0,39,Alex Soler-Roig
1971,344,0,0,49,Sam Posey
1971,355,0,0,33,John Cannon
1971,354,0,0,48,Chris Craft
1971,197,0,0,35,Jean-Pierre Jarier
1971,182,0,0,40,Niki Lauda
1971,337,0,0,29,Helmut Marko
1971,329,0,0,36,Mike Beuttler
1971,349,0,0,38,Max Jean
1971,348,0,0,32,François Mazet
1971,338,0,0,47,David Walker
1971,298,0,0,25,Gijs van Lennep
1971,342,0,0,37,Skip Barber
1970,358,45,5,1,Jochen Rindt
1970,235,40,3,2,Jacky Ickx
1970,223,33,1,3,Clay Regazzoni
1970,304,27,0,4,Denny Hulme
1970,356,25,1,6,Jack Brabham
1970,328,25,1,5,Jackie Stewart
1970,278,23,0,8,Chris Amon
1970,345,23,1,7,Pedro Rodríguez
1970,306,16,0,9,Jean-Pierre Beltoise
1970,224,12,1,10,Emerson Fittipaldi
1970,243,10,0,11,Rolf Stommelen
1970,280,8,0,12,Henri Pescarolo
1970,289,7,0,13,Graham Hill
1970,360,6,0,14,Bruce McLaren
1970,207,4,0,16,Mario Andretti
1970,317,4,0,15,Reine Wisell
1970,341,3,0,18,John Surtees
1970,363,3,0,17,Ignazio Giunti
1970,262,2,0,20,Jackie Oliver
1970,359,2,0,21,Johnny Servoz-Gavin
1970,357,2,0,19,John Miles
1970,364,1,0,24,Dan Gurney
1970,321,1,0,25,Derek Bell
1970,320,1,0,23,Peter Gethin
1970,327,1,0,22,François Cevert
1970,347,0,0,36,Jo Bonnier
1970,353,0,0,34,Pete Lovely
1970,340,0,0,29,John Love
1970,346,0,0,26,Jo Siffert
1970,362,0,0,31,Peter de Klerk
1970,293,0,0,32,Dave Charlton
1970,365,0,0,41,Hubert Hahne
1970,351,0,0,37,Silvio Moser
1970,361,0,0,33,Piers Courage
1970,312,0,0,40,Brian Redman
1970,333,0,0,28,Andrea de Adamich
1970,352,0,0,30,George Eaton
1970,367,0,0,42,Peter Westbury
1970,366,0,0,38,Gus Hutchison
1970,330,0,0,43,Nanni Galli
1970,314,0,0,35,Tim Schenken
1970,238,0,0,27,Ronnie Peterson
1970,339,0,0,39,Alex Soler-Roig
1969,328,63,6,1,Jackie Stewart
1969,235,37,2,2,Jacky Ickx
1969,360,26,0,3,Bruce McLaren
1969,358,22,1,4,Jochen Rindt
1969,306,21,0,5,Jean-Pierre Beltoise
1969,304,20,1,6,Denny Hulme
1969,289,19,1,7,Graham Hill
1969,361,16,0,8,Piers Courage
1969,346,15,0,9,Jo Siffert
1969,356,14,0,10,Jack Brabham
1969,341,6,0,11,John Surtees
1969,278,4,0,12,Chris Amon
1969,345,3,0,15,Pedro Rodríguez
1969,370,3,0,13,Richard Attwood
1969,350,3,0,14,Vic Elford
1969,262,1,0,17,Jackie Oliver
1969,351,1,0,16,Silvio Moser
1969,359,1,0,18,Johnny Servoz-Gavin
1969,347,0,0,25,Jo Bonnier
1969,353,0,0,19,Pete Lovely
1969,368,0,0,20,Sam Tingle
1969,340,0,0,28,John Love
1969,362,0,0,23,Peter de Klerk
1969,207,0,0,26,Mario Andretti
1969,343,0,0,22,Bill Brack
1969,321,0,0,27,Derek Bell
1969,369,0,0,30,Basil van Rooyen
1969,352,0,0,24,George Eaton
1969,372,0,0,29,John Cordts
1969,357,0,0,21,John Miles
1968,289,48,3,1,Graham Hill
1968,328,36,3,2,Jackie Stewart
1968,304,33,2,3,Denny Hulme
1968,235,27,1,4,Jacky Ickx
1968,360,22,1,5,Bruce McLaren
1968,345,18,0,6,Pedro Rodríguez
1968,341,12,0,8,John Surtees
1968,346,12,1,7,Jo Siffert
1968,306,11,0,9,Jean-Pierre Beltoise
1968,278,10,0,10,Chris Amon
1968,373,9,1,11,Jim Clark
1968,358,8,0,12,Jochen Rindt
1968,375,6,0,16,Ludovico Scarfiotti
1968,370,6,0,13,Richard Attwood
1968,262,6,0,15,Jackie Oliver
1968,359,6,0,14,Johnny Servoz-Gavin
1968,376,5,0,17,Lucien Bianchi
1968,350,5,0,18,Vic Elford
1968,361,4,0,20,Piers Courage
1968,312,4,0,19,Brian Redman
1968,347,3,0,22,Jo Bonnier
1968,364,3,0,21,Dan Gurney
1968,356,2,0,23,Jack Brabham
1968,351,2,0,24,Silvio Moser
1968,368,0,0,32,Sam Tingle
1968,340,0,0,26,John Love
1968,382,0,0,35,Moisés Solana
1968,374,0,0,41,Mike Spence
1968,380,0,0,42,Frank Gardner
1968,293,0,0,43,Dave Charlton
1968,334,0,0,30,Jackie Pretorius
1968,377,0,0,34,Jo Schlesser
1968,379,0,0,28,Kurt Ahrens
1968,365,0,0,27,Hubert Hahne
1968,322,0,0,29,David Hobbs
1968,207,0,0,37,Mario Andretti
1968,381,0,0,36,Bobby Unser
1968,343,0,0,38,Bill Brack
1968,280,0,0,25,Henri Pescarolo
1968,321,0,0,39,Derek Bell
1968,378,0,0,31,Robin Widdows
1968,333,0,0,40,Andrea de Adamich
1968,369,0,0,33,Basil van Rooyen
1967,304,51,2,1,Denny Hulme
1967,356,46,2,2,Jack Brabham
1967,373,41,4,3,Jim Clark
1967,341,20,1,4,John Surtees
1967,278,20,0,5,Chris Amon
1967,289,15,0,7,Graham Hill
1967,345,15,1,6,Pedro Rodríguez
1967,364,13,1,8,Dan Gurney
1967,328,10,0,9,Jackie Stewart
1967,374,9,0,10,Mike Spence
1967,340,6,0,11,John Love
1967,346,6,0,12,Jo Siffert
1967,358,6,0,13,Jochen Rindt
1967,347,3,0,15,Jo Bonnier
1967,360,3,0,14,Bruce McLaren
1967,387,2,0,18,Mike Parkes
1967,383,2,0,17,Bob Anderson
1967,388,2,0,16,Chris Irwin
1967,375,1,0,20,Ludovico Scarfiotti
1967,389,1,0,21,Guy Ligier
1967,235,1,0,19,Jacky Ickx
1967,386,0,0,42,Richie Ginther
1967,394,0,0,34,Giancarlo Baghetti
1967,385,0,0,29,Lorenzo Bandini
1967,368,0,0,33,Sam Tingle
1967,382,0,0,39,Moisés Solana
1967,370,0,0,27,Richard Attwood
1967,293,0,0,30,Dave Charlton
1967,395,0,0,26,Jonathan Williams
1967,393,0,0,41,Tom Jones
1967,371,0,0,37,Al Pease
1967,392,0,0,28,Mike Fisher
1967,377,0,0,44,Jo Schlesser
1967,379,0,0,43,Kurt Ahrens
1967,365,0,0,40,Hubert Hahne
1967,391,0,0,35,Brian Hart
1967,262,0,0,22,Jackie Oliver
1967,351,0,0,36,Silvio Moser
1967,390,0,0,24,Alan Rees
1967,322,0,0,25,David Hobbs
1967,306,0,0,23,Jean-Pierre Beltoise
1967,359,0,0,38,Johnny Servoz-Gavin
1967,361,0,0,31,Piers Courage
1967,384,0,0,32,Luki Botha
1966,356,42,4,1,Jack Brabham
1966,341,28,2,2,John Surtees
1966,358,22,0,3,Jochen Rindt
1966,304,18,0,4,Denny Hulme
1966,289,17,0,5,Graham Hill
1966,373,16,1,6,Jim Clark
1966,328,14,1,7,Jackie Stewart
1966,387,12,0,8,Mike Parkes
1966,385,12,0,9,Lorenzo Bandini
1966,375,9,1,10,Ludovico Scarfiotti
1966,386,5,0,11,Richie Ginther
1966,364,4,0,12,Dan Gurney
1966,374,4,0,13,Mike Spence
1966,360,3,0,16,Bruce McLaren
1966,346,3,0,15,Jo Siffert
1966,396,3,0,14,Bob Bondurant
1966,347,1,0,18,Jo Bonnier
1966,397,1,0,17,Peter Arundell
1966,383,1,0,19,Bob Anderson
1966,399,1,0,20,John Taylor
1966,403,0,0,33,Phil Hill
1966,404,0,0,27,Innes Ireland
1966,401,0,0,32,Trevor Taylor
1966,398,0,0,31,Vic Wilson
1966,394,0,0,29,Giancarlo Baghetti
1966,278,0,0,23,Chris Amon
1966,382,0,0,30,Moisés Solana
1966,345,0,0,28,Pedro Rodríguez
1966,402,0,0,25,Giacomo Russo
1966,405,0,0,22,Ronnie Bucknum
1966,400,0,0,26,Chris Lawrence
1966,388,0,0,21,Chris Irwin
1966,389,0,0,24,Guy Ligier
1965,373,54,6,1,Jim Clark
1965,289,40,2,2,Graham Hill
1965,328,33,1,3,Jackie Stewart
1965,364,25,0,4,Dan Gurney
1965,341,17,0,5,John Surtees
1965,385,13,0,6,Lorenzo Bandini
1965,386,11,1,7,Richie Ginther
1965,360,10,0,9,Bruce McLaren
1965,374,10,0,8,Mike Spence
1965,356,9,0,10,Jack Brabham
1965,346,5,0,12,Jo Siffert
1965,304,5,0,11,Denny Hulme
1965,358,4,0,13,Jochen Rindt
1965,345,2,0,14,Pedro Rodríguez
1965,405,2,0,15,Ronnie Bucknum
1965,370,2,0,16,Richard Attwood
1965,347,0,0,17,Jo Bonnier
1965,418,0,0,19,Masten Gregory
1965,404,0,0,21,Innes Ireland
1965,376,0,0,28,Lucien Bianchi
1965,394,0,0,41,Giancarlo Baghetti
1965,424,0,0,30,Roberto Bussinello
1965,425,0,0,29,Nino Vaccarella
1965,408,0,0,26,Tony Maggs
1965,410,0,0,42,Neville Lederle
1965,368,0,0,31,Sam Tingle
1965,411,0,0,46,Doug Serrurier
1965,413,0,0,48,Ernie Pieterse
1965,340,0,0,38,John Love
1965,423,0,0,34,Gerhard Mitter
1965,375,0,0,39,Ludovico Scarfiotti
1965,278,0,0,33,Chris Amon
1965,382,0,0,27,Moisés Solana
1965,362,0,0,24,Peter de Klerk
1965,409,0,0,40,Trevor Blokdyk
1965,420,0,0,25,Ian Raby
1965,305,0,0,35,Mike Hailwood
1965,383,0,0,20,Bob Anderson
1965,407,0,0,32,David Prophet
1965,412,0,0,47,Brausch Niemann
1965,402,0,0,37,Giacomo Russo
1965,380,0,0,18,Frank Gardner
1965,396,0,0,23,Bob Bondurant
1965,426,0,0,44,Giorgio Bassi
1965,422,0,0,45,Brian Gubby
1965,421,0,0,43,Alan Rollinson
1965,419,0,0,36,John Rhodes
1965,417,0,0,54,Alex Blignaut
1965,416,0,0,53,David Clapham
1965,415,0,0,52,Ray Reed
1965,293,0,0,51,Dave Charlton
1965,334,0,0,50,Jackie Pretorius
1965,414,0,0,49,Clive Puzey
1965,406,0,0,22,Paul Hawkins
1964,341,40,2,1,John Surtees
1964,289,39,2,2,Graham Hill
1964,373,32,3,3,Jim Clark
1964,386,23,0,5,Richie Ginther
1964,385,23,1,4,Lorenzo Bandini
1964,364,19,2,6,Dan Gurney
1964,360,13,0,7,Bruce McLaren
1964,356,11,0,8,Jack Brabham
1964,397,11,0,9,Peter Arundell
1964,346,7,0,10,Jo Siffert
1964,383,5,0,11,Bob Anderson
1964,404,4,0,14,Innes Ireland
1964,408,4,0,13,Tony Maggs
1964,374,4,0,12,Mike Spence
1964,347,3,0,15,Jo Bonnier
1964,427,2,0,17,Maurice Trintignant
1964,433,2,0,18,Walt Hansgen
1964,278,2,0,16,Chris Amon
1964,403,1,0,19,Phil Hill
1964,401,1,0,20,Trevor Taylor
1964,345,1,0,22,Pedro Rodríguez
1964,305,1,0,21,Mike Hailwood
1964,429,0,0,32,André Pilette
1964,431,0,0,36,Edgar Barth
1964,430,0,0,34,Carel Godin de Beaufort
1964,432,0,0,33,Mário de Araújo Cabral
1964,394,0,0,23,Giancarlo Baghetti
1964,434,0,0,28,Hap Sharp
1964,428,0,0,37,Bernard Collomb
1964,340,0,0,40,John Love
1964,423,0,0,24,Gerhard Mitter
1964,375,0,0,25,Ludovico Scarfiotti
1964,382,0,0,26,Moisés Solana
1964,420,0,0,35,Ian Raby
1964,402,0,0,38,Giacomo Russo
1964,358,0,0,31,Jochen Rindt
1964,405,0,0,29,Ronnie Bucknum
1964,370,0,0,41,Richard Attwood
1964,380,0,0,39,Frank Gardner
1964,399,0,0,30,John Taylor
1964,309,0,0,27,Peter Revson
1963,373,54,7,1,Jim Clark
1963,289,29,2,2,Graham Hill
1963,386,29,0,3,Richie Ginther
1963,341,22,1,4,John Surtees
1963,364,19,0,5,Dan Gurney
1963,360,17,0,6,Bruce McLaren
1963,356,14,0,7,Jack Brabham
1963,408,9,0,8,Tony Maggs
1963,347,6,0,11,Jo Bonnier
1963,404,6,0,9,Innes Ireland
1963,385,6,0,10,Lorenzo Bandini
1963,440,3,0,13,Jim Hall
1963,423,3,0,12,Gerhard Mitter
1963,430,2,0,14,Carel Godin de Beaufort
1963,401,1,0,16,Trevor Taylor
1963,346,1,0,15,Jo Siffert
1963,375,1,0,17,Ludovico Scarfiotti
1963,427,0,0,21,Maurice Trintignant
1963,429,0,0,53,André Pilette
1963,449,0,0,39,Rodger Ward
1963,418,0,0,27,Masten Gregory
1963,403,0,0,26,Phil Hill
1963,437,0,0,41,Ian Burgess
1963,432,0,0,38,Mário de Araújo Cabral
1963,441,0,0,56,Tim Parnell
1963,376,0,0,37,Lucien Bianchi
1963,435,0,0,36,Willy Mairesse
1963,439,0,0,52,Nasif Estéfano
1963,394,0,0,35,Giancarlo Baghetti
1963,433,0,0,49,Walt Hansgen
1963,434,0,0,19,Hap Sharp
1963,444,0,0,59,Roberto Lippi
1963,447,0,0,62,Gaetano Starrabba
1963,436,0,0,32,John Campbell-Jones
1963,428,0,0,25,Bernard Collomb
1963,410,0,0,51,Neville Lederle
1963,368,0,0,46,Sam Tingle
1963,411,0,0,28,Doug Serrurier
1963,413,0,0,45,Ernie Pieterse
1963,340,0,0,24,John Love
1963,442,0,0,58,Kurt Kuhnke
1963,445,0,0,60,Günther Seiffert
1963,438,0,0,23,Tony Settember
1963,446,0,0,61,Carlo Abate
1963,397,0,0,47,Peter Arundell
1963,278,0,0,18,Chris Amon
1963,452,0,0,55,Thomas Monarch
1963,382,0,0,29,Moisés Solana
1963,310,0,0,48,Paddy Driver
1963,362,0,0,42,Peter de Klerk
1963,409,0,0,31,Trevor Blokdyk
1963,451,0,0,50,Frank Dochnal
1963,450,0,0,54,Ernie de Vos
1963,345,0,0,40,Pedro Rodríguez
1963,448,0,0,20,Peter Broeker
1963,443,0,0,57,Ernesto Brambilla
1963,374,0,0,33,Mike Spence
1963,420,0,0,44,Ian Raby
1963,305,0,0,22,Mike Hailwood
1963,383,0,0,30,Bob Anderson
1963,407,0,0,43,David Prophet
1963,412,0,0,34,Brausch Niemann
1962,289,42,4,1,Graham Hill
1962,373,30,3,2,Jim Clark
1962,360,27,1,3,Bruce McLaren
1962,341,19,0,4,John Surtees
1962,364,15,1,5,Dan Gurney
1962,403,14,0,6,Phil Hill
1962,408,13,0,7,Tony Maggs
1962,386,10,0,8,Richie Ginther
1962,356,9,0,9,Jack Brabham
1962,401,6,0,10,Trevor Taylor
1962,394,5,0,11,Giancarlo Baghetti
1962,454,4,0,13,Ricardo Rodríguez
1962,385,4,0,12,Lorenzo Bandini
1962,347,3,0,15,Jo Bonnier
1962,435,3,0,14,Willy Mairesse
1962,430,2,0,17,Carel Godin de Beaufort
1962,404,2,0,16,Innes Ireland
1962,418,1,0,18,Masten Gregory
1962,410,1,0,19,Neville Lederle
1962,427,0,0,20,Maurice Trintignant
1962,456,0,0,36,Roy Salvadori
1962,455,0,0,38,Wolfgang Seidel
1962,459,0,0,43,Tony Marsh
1962,437,0,0,30,Ian Burgess
1962,465,0,0,45,Keith Greene
1962,462,0,0,46,Colin Davis
1962,376,0,0,24,Lucien Bianchi
1962,440,0,0,47,Jim Hall
1962,439,0,0,59,Nasif Estéfano
1962,453,0,0,21,Jackie Lewis
1962,434,0,0,33,Hap Sharp
1962,468,0,0,26,Roger Penske
1962,467,0,0,57,Ernesto Prinoth
1962,444,0,0,58,Roberto Lippi
1962,424,0,0,54,Roberto Bussinello
1962,425,0,0,23,Nino Vaccarella
1962,436,0,0,32,John Campbell-Jones
1962,460,0,0,53,Gerry Ashmore
1962,428,0,0,56,Bernard Collomb
1962,368,0,0,52,Sam Tingle
1962,474,0,0,44,Syd van der Vyver
1962,473,0,0,42,Gary Hocking
1962,472,0,0,39,Mike Harris
1962,411,0,0,37,Doug Serrurier
1962,413,0,0,28,Ernie Pieterse
1962,471,0,0,25,Bruce Johnstone
1962,340,0,0,22,John Love
1962,470,0,0,40,Timmy Mayer
1962,469,0,0,29,Rob Schroeder
1962,442,0,0,61,Kurt Kuhnke
1962,445,0,0,60,Günther Seiffert
1962,466,0,0,34,Heini Walter
1962,464,0,0,49,Tony Shelly
1962,463,0,0,35,Jay Chamberlain
1962,438,0,0,31,Tony Settember
1962,446,0,0,50,Carlo Abate
1962,397,0,0,41,Peter Arundell
1962,461,0,0,55,Heinz Schiller
1962,346,0,0,27,Jo Siffert
1962,458,0,0,51,Rob Slotemaker
1962,457,0,0,48,Ben Pon
1961,403,34,2,1,Phil Hill
1961,476,33,2,2,Wolfgang von Trips
1961,475,21,2,3,Stirling Moss
1961,364,21,0,4,Dan Gurney
1961,386,16,0,5,Richie Ginther
1961,404,12,1,6,Innes Ireland
1961,360,11,0,8,Bruce McLaren
1961,373,11,0,7,Jim Clark
1961,394,9,1,9,Giancarlo Baghetti
1961,479,6,0,10,Tony Brooks
1961,356,4,0,11,Jack Brabham
1961,341,4,0,12,John Surtees
1961,482,3,0,14,Olivier Gendebien
1961,347,3,0,15,Jo Bonnier
1961,289,3,0,16,Graham Hill
1961,453,3,0,13,Jackie Lewis
1961,456,2,0,17,Roy Salvadori
1961,427,0,0,18,Maurice Trintignant
1961,429,0,0,59,André Pilette
1961,431,0,0,51,Edgar Barth
1961,455,0,0,37,Wolfgang Seidel
1961,478,0,0,23,Hans Herrmann
1961,486,0,0,50,Jack Fairman
1961,483,0,0,48,Giorgio Scarlatti
1961,418,0,0,25,Masten Gregory
1961,459,0,0,34,Tony Marsh
1961,430,0,0,19,Carel Godin de Beaufort
1961,484,0,0,49,Brian Naylor
1961,477,0,0,21,Cliff Allison
1961,437,0,0,31,Ian Burgess
1961,441,0,0,27,Tim Parnell
1961,401,0,0,33,Trevor Taylor
1961,465,0,0,35,Keith Greene
1961,481,0,0,26,Henry Taylor
1961,376,0,0,44,Lucien Bianchi
1961,435,0,0,41,Willy Mairesse
1961,440,0,0,38,Jim Hall
1961,491,0,0,60,Alfonso Thiele
1961,494,0,0,39,Lloyd Ruby
1961,495,0,0,47,Ken Miles
1961,433,0,0,43,Walt Hansgen
1961,434,0,0,28,Hap Sharp
1961,493,0,0,24,Peter Ryan
1961,468,0,0,22,Roger Penske
1961,492,0,0,62,Menato Boffa
1961,467,0,0,61,Ernesto Prinoth
1961,444,0,0,56,Roberto Lippi
1961,424,0,0,53,Roberto Bussinello
1961,425,0,0,46,Nino Vaccarella
1961,454,0,0,42,Ricardo Rodríguez
1961,447,0,0,40,Gaetano Starrabba
1961,436,0,0,58,John Campbell-Jones
1961,490,0,0,57,Geoff Duke
1961,489,0,0,32,Renato Pirocchi
1961,488,0,0,55,Peter Monteverdi
1961,487,0,0,54,Massimo Natili
1961,460,0,0,36,Gerry Ashmore
1961,408,0,0,29,Tony Maggs
1961,485,0,0,52,Juan Manuel Bordeu
1961,428,0,0,45,Bernard Collomb
1961,385,0,0,20,Lorenzo Bandini
1961,480,0,0,30,Michael May
1960,356,43,5,1,Jack Brabham
1960,360,34,1,2,Bruce McLaren
1960,475,19,2,3,Stirling Moss
1960,404,18,0,4,Innes Ireland
1960,403,16,1,5,Phil Hill
1960,482,10,0,6,Olivier Gendebien
1960,476,10,0,7,Wolfgang von Trips
1960,509,8,1,8,Jim Rathmann
1960,373,8,0,10,Jim Clark
1960,386,8,0,9,Richie Ginther
1960,479,7,0,11,Tony Brooks
1960,449,6,0,14,Rodger Ward
1960,477,6,0,13,Cliff Allison
1960,341,6,0,12,John Surtees
1960,347,4,0,18,Jo Bonnier
1960,510,4,0,17,Paul Goldsmith
1960,289,4,0,15,Graham Hill
1960,435,4,0,16,Willy Mairesse
1960,496,3,0,22,Carlos Menditeguy
1960,543,3,0,21,Giulio Cabianca
1960,481,3,0,19,Henry Taylor
1960,511,3,0,20,Don Branson
1960,512,2,0,23,Johnny Thomson
1960,513,1,0,27,Eddie Johnson
1960,478,1,0,26,Hans Herrmann
1960,541,1,0,25,Ron Flockhart
1960,376,1,0,24,Lucien Bianchi
1960,529,0,0,66,Tony Bettenhausen
1960,537,0,0,74,Dick Rathmann
1960,520,0,0,57,Gene Hartley
1960,526,0,0,63,Troy Ruttman
1960,518,0,0,51,Duane Carter
1960,501,0,0,82,Harry Schell
1960,427,0,0,28,Maurice Trintignant
1960,498,0,0,46,José Froilán González
1960,521,0,0,58,Chuck Stevenson
1960,534,0,0,71,Gene Force
1960,456,0,0,32,Roy Salvadori
1960,525,0,0,62,Jimmy Bryan
1960,431,0,0,29,Edgar Barth
1960,455,0,0,39,Wolfgang Seidel
1960,486,0,0,90,Jack Fairman
1960,528,0,0,65,Don Freeland
1960,547,0,0,86,Horace Gould
1960,519,0,0,55,Bill Homeier
1960,533,0,0,70,Johnny Boyd
1960,532,0,0,69,Eddie Russo
1960,523,0,0,60,Shorty Templeman
1960,538,0,0,75,Al Herman
1960,506,0,0,33,Bruce Halford
1960,516,0,0,44,Bob Christie
1960,514,0,0,36,Bob Veith
1960,483,0,0,81,Giorgio Scarlatti
1960,418,0,0,37,Masten Gregory
1960,430,0,0,34,Carel Godin de Beaufort
1960,484,0,0,53,Brian Naylor
1960,527,0,0,64,Eddie Sachs
1960,502,0,0,77,Alan Stacey
1960,437,0,0,43,Ian Burgess
1960,536,0,0,73,Len Sutton
1960,531,0,0,68,Anthony Foyt
1960,539,0,0,76,Dempsey Wilson
1960,364,0,0,41,Dan Gurney
1960,432,0,0,78,Mário de Araújo Cabral
1960,465,0,0,91,Keith Greene
1960,540,0,0,87,Mike Taylor
1960,542,0,0,50,David Piper
1960,505,0,0,79,Chris Bristow
1960,517,0,0,47,Red Amick
1960,522,0,0,59,Bobby Grim
1960,535,0,0,72,Jim McWithey
1960,353,0,0,49,Pete Lovely
1960,548,0,0,54,Bob Drake
1960,440,0,0,30,Jim Hall
1960,546,0,0,84,Arthur Owen
1960,398,0,0,83,Vic Wilson
1960,491,0,0,80,Alfonso Thiele
1960,545,0,0,45,Fred Gamble
1960,544,0,0,35,Piero Drogo
1960,530,0,0,67,Wayne Weiler
1960,524,0,0,61,Jim Hurtubise
1960,515,0,0,40,Bud Tingelstad
1960,494,0,0,31,Lloyd Ruby
1960,508,0,0,85,Lance Reventlow
1960,507,0,0,42,Chuck Daigh
1960,504,0,0,89,Antonio Creus
1960,503,0,0,88,Ettore Chimeri
1960,439,0,0,56,Nasif Estéfano
1960,500,0,0,52,Gino Munaron
1960,499,0,0,48,Roberto Bonomi
1960,497,0,0,38,Alberto Rodriguez Larreta
1959,356,31,2,1,Jack Brabham
1959,479,27,2,2,Tony Brooks
1959,475,25,2,3,Stirling Moss
1959,403,20,0,4,Phil Hill
1959,427,19,0,5,Maurice Trintignant
1959,360,16,1,6,Bruce McLaren
1959,364,13,0,7,Dan Gurney
1959,347,10,1,8,Jo Bonnier
1959,418,10,0,9,Masten Gregory
1959,449,8,1,10,Rodger Ward
1959,509,6,0,11,Jim Rathmann
1959,501,5,0,13,Harry Schell
1959,512,5,0,12,Johnny Thomson
1959,404,5,0,14,Innes Ireland
1959,529,3,0,16,Tony Bettenhausen
1959,482,3,0,15,Olivier Gendebien
1959,554,2,0,18,Jean Behra
1959,477,2,0,17,Cliff Allison
1959,510,2,0,19,Paul Goldsmith
1959,537,0,0,61,Dick Rathmann
1959,520,0,0,39,Gene Hartley
1959,518,0,0,27,Duane Carter
1959,559,0,0,59,Pat Flaherty
1959,555,0,0,33,Paul Russo
1959,456,0,0,20,Roy Salvadori
1959,513,0,0,31,Eddie Johnson
1959,525,0,0,88,Jimmy Bryan
1959,478,0,0,49,Hans Herrmann
1959,486,0,0,53,Jack Fairman
1959,528,0,0,66,Don Freeland
1959,556,0,0,45,Jimmy Daywalt
1959,541,0,0,21,Ron Flockhart
1959,533,0,0,24,Johnny Boyd
1959,558,0,0,55,Al Keller
1959,561,0,0,69,Ray Crawford
1959,563,0,0,81,Chuck Weyant
1959,538,0,0,44,Al Herman
1959,476,0,0,23,Wolfgang von Trips
1959,506,0,0,52,Bruce Halford
1959,562,0,0,79,Jack Turner
1959,516,0,0,74,Bob Christie
1959,514,0,0,42,Bob Veith
1959,483,0,0,29,Giorgio Scarlatti
1959,430,0,0,32,Carel Godin de Beaufort
1959,484,0,0,68,Brian Naylor
1959,560,0,0,62,Bill Cheesbourg
1959,565,0,0,84,Mike Magill
1959,527,0,0,54,Eddie Sachs
1959,549,0,0,43,Ivor Bueb
1959,573,0,0,50,Alessandro de Tomaso
1959,502,0,0,30,Alan Stacey
1959,437,0,0,22,Ian Burgess
1959,566,0,0,28,Carroll Shelby
1959,536,0,0,87,Len Sutton
1959,531,0,0,37,Anthony Foyt
1959,564,0,0,82,Jud Larson
1959,543,0,0,47,Giulio Cabianca
1959,553,0,0,73,André Testut
1959,551,0,0,63,Maria de Filippis
1959,289,0,0,25,Graham Hill
1959,576,0,0,57,Phil Cade
1959,575,0,0,56,Bob Said
1959,574,0,0,51,George Constantine
1959,572,0,0,26,Harry Blanchard
1959,432,0,0,36,Mário de Araújo Cabral
1959,441,0,0,85,Tim Parnell
1959,401,0,0,83,Trevor Taylor
1959,571,0,0,80,Dennis Taylor
1959,387,0,0,78,Mike Parkes
1959,570,0,0,77,Bill Moss
1959,465,0,0,75,Keith Greene
1959,540,0,0,71,Mike Taylor
1959,542,0,0,64,David Piper
1959,569,0,0,41,Peter Ashdown
1959,481,0,0,40,Henry Taylor
1959,505,0,0,35,Chris Bristow
1959,568,0,0,65,Azdrubal Fontes
1959,462,0,0,38,Colin Davis
1959,567,0,0,34,Fritz d'Orey
1959,517,0,0,86,Red Amick
1959,522,0,0,76,Bobby Grim
1959,511,0,0,72,Don Branson
1959,535,0,0,48,Jim McWithey
1959,557,0,0,46,Chuck Arnold
1959,552,0,0,70,Jean Lucienbonnet
1959,353,0,0,67,Pete Lovely
1959,376,0,0,60,Lucien Bianchi
1959,550,0,0,58,Alain de Changy
1958,578,42,1,1,Mike Hawthorn
1958,475,41,4,2,Stirling Moss
1958,479,24,3,3,Tony Brooks
1958,456,15,0,4,Roy Salvadori
1958,501,14,0,6,Harry Schell
1958,581,14,1,5,Peter Collins
1958,427,12,1,7,Maurice Trintignant
1958,577,12,0,8,Luigi Musso
1958,590,11,0,9,Stuart Lewis-Evans
1958,554,9,0,12,Jean Behra
1958,476,9,0,11,Wolfgang von Trips
1958,403,9,0,10,Phil Hill
1958,525,8,1,13,Jimmy Bryan
1958,579,7,0,14,Juan Fangio
1958,591,6,0,15,George Amick
1958,529,4,0,17,Tony Bettenhausen
1958,533,4,0,16,Johnny Boyd
1958,356,3,0,18,Jack Brabham
1958,347,3,0,20,Jo Bonnier
1958,477,3,0,19,Cliff Allison
1958,509,2,0,21,Jim Rathmann
1958,593,0,0,46,Johnnie Parsons
1958,589,0,0,83,Louis Chiron
1958,537,0,0,78,Dick Rathmann
1958,526,0,0,41,Troy Ruttman
1958,555,0,0,61,Paul Russo
1958,580,0,0,32,Paco Godia
1958,449,0,0,66,Rodger Ward
1958,513,0,0,39,Eddie Johnson
1958,592,0,0,28,Jimmy Reece
1958,431,0,0,27,Edgar Barth
1958,455,0,0,52,Wolfgang Seidel
1958,478,0,0,37,Hans Herrmann
1958,486,0,0,33,Jack Fairman
1958,512,0,0,73,Johnny Thomson
1958,528,0,0,30,Don Freeland
1958,496,0,0,31,Carlos Menditeguy
1958,541,0,0,57,Ron Flockhart
1958,547,0,0,38,Horace Gould
1958,597,0,0,81,Pat O'Connor
1958,596,0,0,80,Ed Elisian
1958,586,0,0,75,Luigi Piotti
1958,558,0,0,45,Al Keller
1958,523,0,0,64,Shorty Templeman
1958,563,0,0,74,Chuck Weyant
1958,482,0,0,26,Olivier Gendebien
1958,583,0,0,36,Gerino Gerini
1958,585,0,0,67,Paul Emery
1958,562,0,0,76,Jack Turner
1958,594,0,0,47,Johnnie Tolan
1958,595,0,0,68,Billy Garrett
1958,516,0,0,53,Bob Christie
1958,514,0,0,77,Bob Veith
1958,483,0,0,51,Giorgio Scarlatti
1958,418,0,0,22,Masten Gregory
1958,601,0,0,69,Dick Gibson
1958,459,0,0,35,Tony Marsh
1958,430,0,0,44,Carel Godin de Beaufort
1958,484,0,0,71,Brian Naylor
1958,560,0,0,42,Bill Cheesbourg
1958,565,0,0,58,Mike Magill
1958,527,0,0,70,Eddie Sachs
1958,549,0,0,43,Ivor Bueb
1958,605,0,0,63,Tom Bridger
1958,604,0,0,60,François Picard
1958,603,0,0,49,André Guelfi
1958,602,0,0,48,Robert La Caze
1958,600,0,0,56,Christian Goethals
1958,360,0,0,24,Bruce McLaren
1958,502,0,0,62,Alan Stacey
1958,437,0,0,29,Ian Burgess
1958,566,0,0,23,Carroll Shelby
1958,599,0,0,87,Art Bisch
1958,536,0,0,86,Len Sutton
1958,598,0,0,85,Jerry Unser
1958,510,0,0,84,Paul Goldsmith
1958,531,0,0,55,Anthony Foyt
1958,539,0,0,54,Dempsey Wilson
1958,564,0,0,34,Jud Larson
1958,588,0,0,82,Luigi Taramazzo
1958,587,0,0,79,Bernie Ecclestone
1958,543,0,0,50,Giulio Cabianca
1958,553,0,0,72,André Testut
1958,551,0,0,40,Maria de Filippis
1958,584,0,0,65,Bruce Kessler
1958,582,0,0,59,Ken Kavanagh
1958,289,0,0,25,Graham Hill
1957,579,40,4,1,Juan Fangio
1957,475,25,3,2,Stirling Moss
1957,577,16,0,3,Luigi Musso
1957,578,13,0,4,Mike Hawthorn
1957,479,11,1,5,Tony Brooks
1957,501,10,0,7,Harry Schell
1957,418,10,0,6,Masten Gregory
1957,611,8,1,8,Sam Hanks
1957,581,8,0,9,Peter Collins
1957,509,7,0,10,Jim Rathmann
1957,554,6,0,11,Jean Behra
1957,427,5,0,13,Maurice Trintignant
1957,590,5,0,12,Stuart Lewis-Evans
1957,525,4,0,16,Jimmy Bryan
1957,496,4,0,15,Carlos Menditeguy
1957,476,4,0,14,Wolfgang von Trips
1957,555,3,0,17,Paul Russo
1957,612,2,0,19,Andy Linden
1957,456,2,0,18,Roy Salvadori
1957,498,1,0,22,José Froilán González
1957,606,1,0,21,Alfonso de Portago
1957,483,1,0,20,Giorgio Scarlatti
1957,593,0,0,50,Johnnie Parsons
1957,529,0,0,48,Tony Bettenhausen
1957,615,0,0,63,Fred Agabashian
1957,520,0,0,37,Gene Hartley
1957,526,0,0,74,Troy Ruttman
1957,619,0,0,25,Bob Gerard
1957,580,0,0,32,Paco Godia
1957,609,0,0,39,André Simon
1957,449,0,0,73,Rodger Ward
1957,513,0,0,68,Eddie Johnson
1957,592,0,0,59,Jimmy Reece
1957,620,0,0,58,Umberto Maglioli
1957,431,0,0,42,Edgar Barth
1957,478,0,0,57,Hans Herrmann
1957,486,0,0,55,Jack Fairman
1957,512,0,0,43,Johnny Thomson
1957,528,0,0,51,Don Freeland
1957,613,0,0,29,Marshall Teague
1957,556,0,0,71,Jimmy Daywalt
1957,638,0,0,41,Ottorino Volonterio
1957,541,0,0,52,Ron Flockhart
1957,547,0,0,35,Horace Gould
1957,597,0,0,31,Pat O'Connor
1957,596,0,0,72,Ed Elisian
1957,608,0,0,53,Eugenio Castellotti
1957,607,0,0,26,Cesare Perdisa
1957,586,0,0,36,Luigi Piotti
1957,356,0,0,23,Jack Brabham
1957,533,0,0,24,Johnny Boyd
1957,558,0,0,70,Al Keller
1957,532,0,0,75,Eddie Russo
1957,563,0,0,47,Chuck Weyant
1957,538,0,0,62,Al Herman
1957,347,0,0,27,Jo Bonnier
1957,610,0,0,56,Les Leston
1957,506,0,0,38,Bruce Halford
1957,562,0,0,40,Jack Turner
1957,594,0,0,61,Johnnie Tolan
1957,516,0,0,44,Bob Christie
1957,514,0,0,34,Bob Veith
1957,601,0,0,65,Dick Gibson
1957,621,0,0,64,Paul England
1957,459,0,0,49,Tony Marsh
1957,430,0,0,46,Carel Godin de Beaufort
1957,484,0,0,45,Brian Naylor
1957,618,0,0,54,Herbert MacKay-Fraser
1957,617,0,0,28,Mike MacDowel
1957,616,0,0,76,Elmer George
1957,560,0,0,69,Bill Cheesbourg
1957,565,0,0,67,Mike Magill
1957,527,0,0,66,Eddie Sachs
1957,614,0,0,60,Don Edmunds
1957,549,0,0,30,Ivor Bueb
1957,573,0,0,33,Alessandro de Tomaso
1956,579,30,3,1,Juan Fangio
1956,475,27,2,2,Stirling Moss
1956,581,25,2,3,Peter Collins
1956,554,22,0,4,Jean Behra
1956,559,8,1,5,Pat Flaherty
1956,608,7,0,6,Eugenio Castellotti
1956,611,6,0,8,Sam Hanks
1956,580,6,0,9,Paco Godia
1956,632,6,0,7,Paul Frère
1956,486,5,0,10,Jack Fairman
1956,578,4,0,12,Mike Hawthorn
1956,577,4,1,11,Luigi Musso
1956,528,4,0,14,Don Freeland
1956,541,4,0,13,Ron Flockhart
1956,593,3,0,18,Johnnie Parsons
1956,501,3,0,17,Harry Schell
1956,607,3,0,16,Cesare Perdisa
1956,606,3,0,15,Alfonso de Portago
1956,627,2,0,19,Louis Rosier
1956,537,2,0,24,Dick Rathmann
1956,633,2,0,20,Luigi Villoresi
1956,547,2,0,22,Horace Gould
1956,624,2,0,21,Hernando da Silva Ramos
1956,482,2,0,23,Olivier Gendebien
1956,622,1,0,26,Chico Landi
1956,583,1,0,25,Gerino Gerini
1956,555,1,0,27,Paul Russo
1956,589,0,0,63,Louis Chiron
1956,626,0,0,37,Robert Manzon
1956,529,0,0,69,Tony Bettenhausen
1956,641,0,0,64,Piero Taruffi
1956,630,0,0,49,Duke Dinsmore
1956,615,0,0,44,Fred Agabashian
1956,509,0,0,67,Jim Rathmann
1956,520,0,0,43,Gene Hartley
1956,526,0,0,84,Troy Ruttman
1956,427,0,0,54,Maurice Trintignant
1956,498,0,0,56,José Froilán González
1956,640,0,0,34,Toulo de Graffenried
1956,619,0,0,42,Bob Gerard
1956,612,0,0,80,Andy Linden
1956,609,0,0,38,André Simon
1956,429,0,0,28,André Pilette
1956,629,0,0,40,Cliff Griffith
1956,449,0,0,36,Rodger Ward
1956,625,0,0,30,Élie Bayol
1956,456,0,0,41,Roy Salvadori
1956,628,0,0,32,Bob Sweikert
1956,513,0,0,47,Eddie Johnson
1956,592,0,0,39,Jimmy Reece
1956,525,0,0,51,Jimmy Bryan
1956,620,0,0,57,Umberto Maglioli
1956,512,0,0,85,Johnny Thomson
1956,556,0,0,73,Jimmy Daywalt
1956,496,0,0,55,Carlos Menditeguy
1956,638,0,0,52,Ottorino Volonterio
1956,597,0,0,50,Pat O'Connor
1956,596,0,0,70,Ed Elisian
1956,586,0,0,29,Luigi Piotti
1956,356,0,0,79,Jack Brabham
1956,533,0,0,83,Johnny Boyd
1956,558,0,0,46,Al Keller
1956,561,0,0,82,Ray Crawford
1956,532,0,0,72,Eddie Russo
1956,631,0,0,78,Keith Andrews
1956,538,0,0,81,Al Herman
1956,623,0,0,33,Alberto Uria
1956,347,0,0,65,Jo Bonnier
1956,806,0,0,31,Óscar González
1956,476,0,0,77,Wolfgang von Trips
1956,610,0,0,71,Les Leston
1956,639,0,0,53,André Milhoux
1956,585,0,0,75,Paul Emery
1956,637,0,0,74,Archie Scott Brown
1956,506,0,0,61,Bruce Halford
1956,636,0,0,59,Desmond Titterington
1956,635,0,0,66,Colin Chapman
1956,634,0,0,58,Piero Scotti
1956,562,0,0,76,Jack Turner
1956,594,0,0,68,Johnnie Tolan
1956,595,0,0,48,Billy Garrett
1956,516,0,0,45,Bob Christie
1956,514,0,0,35,Bob Veith
1956,479,0,0,62,Tony Brooks
1956,483,0,0,60,Giorgio Scarlatti
1955,579,40,4,1,Juan Fangio
1955,475,23,1,2,Stirling Moss
1955,608,12,0,3,Eugenio Castellotti
1955,427,11,1,4,Maurice Trintignant
1955,642,10,0,5,Nino Farina
1955,641,9,0,6,Piero Taruffi
1955,628,8,1,7,Bob Sweikert
1955,643,7,0,8,Roberto Mieres
1955,554,6,0,9,Jean Behra
1955,577,6,0,10,Luigi Musso
1955,648,5,0,11,Karl Kling
1955,653,4,0,12,Jimmy Davies
1955,529,3,0,13,Tony Bettenhausen
1955,555,3,0,14,Paul Russo
1955,632,3,0,15,Paul Frère
1955,512,3,0,16,Johnny Thomson
1955,498,2,0,17,José Froilán González
1955,633,2,0,20,Luigi Villoresi
1955,496,2,0,19,Carlos Menditeguy
1955,607,2,0,18,Cesare Perdisa
1955,620,1,0,21,Umberto Maglioli
1955,654,1,0,23,Walt Faulkner
1955,657,1,0,25,Bill Vukovich
1955,478,1,0,22,Hans Herrmann
1955,519,1,0,24,Bill Homeier
1955,627,0,0,37,Louis Rosier
1955,647,0,0,49,Alberto Ascari
1955,593,0,0,70,Johnnie Parsons
1955,589,0,0,28,Louis Chiron
1955,626,0,0,52,Robert Manzon
1955,666,0,0,66,Tony Rolt
1955,611,0,0,64,Sam Hanks
1955,615,0,0,83,Fred Agabashian
1955,509,0,0,46,Jim Rathmann
1955,659,0,0,82,Jerry Hoyt
1955,658,0,0,77,Jack McGrath
1955,518,0,0,43,Duane Carter
1955,559,0,0,41,Pat Flaherty
1955,501,0,0,26,Harry Schell
1955,661,0,0,58,Peter Walker
1955,660,0,0,42,Johnny Claes
1955,612,0,0,29,Andy Linden
1955,609,0,0,61,André Simon
1955,449,0,0,79,Rodger Ward
1955,578,0,0,27,Mike Hawthorn
1955,663,0,0,38,Ken Wharton
1955,656,0,0,62,Art Cross
1955,625,0,0,54,Élie Bayol
1955,664,0,0,53,Kenneth McAlpine
1955,456,0,0,60,Roy Salvadori
1955,513,0,0,45,Eddie Johnson
1955,592,0,0,84,Jimmy Reece
1955,525,0,0,75,Jimmy Bryan
1955,581,0,0,55,Peter Collins
1955,651,0,0,35,Lance Macklin
1955,667,0,0,40,John Fitch
1955,644,0,0,31,Sergio Mantovani
1955,486,0,0,76,Jack Fairman
1955,655,0,0,59,Cal Niday
1955,528,0,0,57,Don Freeland
1955,556,0,0,39,Jimmy Daywalt
1955,649,0,0,68,Pablo Birger
1955,645,0,0,47,Clemar Bucci
1955,547,0,0,51,Horace Gould
1955,665,0,0,69,Leslie Marr
1955,650,0,0,30,Jacques Pollet
1955,597,0,0,36,Pat O'Connor
1955,596,0,0,81,Ed Elisian
1955,586,0,0,74,Luigi Piotti
1955,668,0,0,65,Jean Lucas
1955,356,0,0,50,Jack Brabham
1955,662,0,0,33,Mike Sparken
1955,624,0,0,34,Hernando da Silva Ramos
1955,533,0,0,80,Johnny Boyd
1955,558,0,0,78,Al Keller
1955,561,0,0,73,Ray Crawford
1955,532,0,0,71,Eddie Russo
1955,631,0,0,67,Keith Andrews
1955,523,0,0,63,Shorty Templeman
1955,563,0,0,44,Chuck Weyant
1955,538,0,0,32,Al Herman
1955,652,0,0,72,Ted Whiteaway
1955,623,0,0,56,Alberto Uria
1955,646,0,0,48,Jesús Iglesias
1954,579,42,6,1,Juan Fangio
1954,498,25,1,2,José Froilán González
1954,578,24,1,3,Mike Hawthorn
1954,427,17,0,4,Maurice Trintignant
1954,648,12,0,5,Karl Kling
1954,657,8,1,6,Bill Vukovich
1954,478,8,0,7,Hans Herrmann
1954,642,6,0,8,Nino Farina
1954,525,6,0,10,Jimmy Bryan
1954,577,6,0,9,Luigi Musso
1954,643,6,0,11,Roberto Mieres
1954,658,5,0,12,Jack McGrath
1954,670,4,0,13,Onofre Marimón
1954,626,4,0,14,Robert Manzon
1954,475,4,0,15,Stirling Moss
1954,644,4,0,16,Sergio Mantovani
1954,669,3,0,17,Prince Bira
1954,633,2,0,20,Luigi Villoresi
1954,673,2,0,22,Mike Nazaruk
1954,429,2,0,19,André Pilette
1954,625,2,0,21,Élie Bayol
1954,620,2,0,18,Umberto Maglioli
1954,526,1,0,24,Troy Ruttman
1954,518,1,0,23,Duane Carter
1954,647,1,0,25,Alberto Ascari
1954,627,0,0,33,Louis Rosier
1954,593,0,0,47,Johnnie Parsons
1954,687,0,0,90,Peter Whitehead
1954,686,0,0,86,Reg Parnell
1954,529,0,0,57,Tony Bettenhausen
1954,641,0,0,32,Piero Taruffi
1954,611,0,0,45,Sam Hanks
1954,799,0,0,59,Jimmy Jackson
1954,615,0,0,30,Fred Agabashian
1954,509,0,0,79,Jim Rathmann
1954,659,0,0,38,Jerry Hoyt
1954,677,0,0,93,Travis Webb
1954,653,0,0,44,Jimmy Davies
1954,520,0,0,66,Gene Hartley
1954,559,0,0,89,Pat Flaherty
1954,555,0,0,39,Paul Russo
1954,654,0,0,50,Walt Faulkner
1954,501,0,0,26,Harry Schell
1954,640,0,0,36,Toulo de Graffenried
1954,619,0,0,41,Bob Gerard
1954,612,0,0,46,Andy Linden
1954,675,0,0,52,Manny Ayulo
1954,580,0,0,31,Paco Godia
1954,680,0,0,37,Jacques Swaters
1954,449,0,0,85,Rodger Ward
1954,521,0,0,51,Chuck Stevenson
1954,554,0,0,28,Jean Behra
1954,663,0,0,27,Ken Wharton
1954,632,0,0,67,Paul Frère
1954,656,0,0,49,Art Cross
1954,689,0,0,94,Alan Brown
1954,692,0,0,72,Theo Helfrich
1954,456,0,0,74,Roy Salvadori
1954,702,0,0,62,Bob Scott
1954,628,0,0,54,Bob Sweikert
1954,513,0,0,83,Eddie Johnson
1954,730,0,0,64,George Fonder
1954,592,0,0,61,Jimmy Reece
1954,581,0,0,34,Peter Collins
1954,651,0,0,75,Lance Macklin
1954,688,0,0,91,Eric Brandon
1954,691,0,0,69,Hermann Lang
1954,690,0,0,96,Rodney Nuckey
1954,681,0,0,77,Georges Berger
1954,693,0,0,29,Fred Wacker
1954,512,0,0,88,Johnny Thomson
1954,655,0,0,42,Cal Niday
1954,528,0,0,35,Don Freeland
1954,613,0,0,56,Marshall Teague
1954,679,0,0,60,Ernie McCoy
1954,556,0,0,87,Jimmy Daywalt
1954,496,0,0,78,Carlos Menditeguy
1954,638,0,0,68,Ottorino Volonterio
1954,541,0,0,80,Ron Flockhart
1954,805,0,0,92,Danny Kladis
1954,694,0,0,81,Giovanni de Riu
1954,645,0,0,70,Clemar Bucci
1954,685,0,0,84,John Riseley-Prichard
1954,684,0,0,76,Bill Whitehouse
1954,547,0,0,58,Horace Gould
1954,683,0,0,55,Leslie Thorne
1954,665,0,0,53,Leslie Marr
1954,682,0,0,48,Don Beauman
1954,650,0,0,71,Jacques Pollet
1954,519,0,0,97,Bill Homeier
1954,678,0,0,95,Len Duncan
1954,597,0,0,82,Pat O'Connor
1954,676,0,0,65,Frank Armi
1954,596,0,0,63,Ed Elisian
1954,674,0,0,40,Larry Crockett
1954,671,0,0,73,Roger Loyer
1954,672,0,0,43,Jorge Daponte
1953,647,34,5,1,Alberto Ascari
1953,579,28,1,2,Juan Fangio
1953,642,26,1,3,Nino Farina
1953,578,19,1,4,Mike Hawthorn
1953,633,17,0,5,Luigi Villoresi
1953,498,13,0,6,José Froilán González
1953,657,9,1,7,Bill Vukovich
1953,640,7,0,8,Toulo de Graffenried
1953,697,6,0,9,Felice Bonetto
1953,656,6,0,10,Art Cross
1953,427,4,0,12,Maurice Trintignant
1953,670,4,0,11,Onofre Marimón
1953,611,2,0,14,Sam Hanks
1953,658,2,0,17,Jack McGrath
1953,518,2,0,13,Duane Carter
1953,691,2,0,16,Hermann Lang
1953,695,2,0,15,Oscar Gálvez
1953,615,1,0,19,Fred Agabashian
1953,555,1,0,18,Paul Russo
1953,627,0,0,25,Louis Rosier
1953,593,0,0,99,Johnnie Parsons
1953,701,0,0,63,Bill Holland
1953,669,0,0,27,Prince Bira
1953,687,0,0,45,Peter Whitehead
1953,589,0,0,46,Louis Chiron
1953,626,0,0,72,Robert Manzon
1953,704,0,0,59,Yves Cabantous
1953,529,0,0,41,Tony Bettenhausen
1953,666,0,0,74,Tony Rolt
1953,630,0,0,66,Duke Dinsmore
1953,509,0,0,28,Jim Rathmann
1953,797,0,0,86,Jackie Holmes
1953,659,0,0,96,Jerry Hoyt
1953,677,0,0,87,Travis Webb
1953,653,0,0,48,Jimmy Davies
1953,520,0,0,40,Gene Hartley
1953,559,0,0,92,Pat Flaherty
1953,654,0,0,69,Walt Faulkner
1953,501,0,0,24,Harry Schell
1953,660,0,0,53,Johnny Claes
1953,619,0,0,49,Bob Gerard
1953,673,0,0,91,Mike Nazaruk
1953,612,0,0,65,Andy Linden
1953,675,0,0,58,Manny Ayulo
1953,622,0,0,71,Chico Landi
1953,680,0,0,29,Jacques Swaters
1953,708,0,0,98,Duncan Hamilton
1953,429,0,0,52,André Pilette
1953,449,0,0,68,Rodger Ward
1953,521,0,0,39,Chuck Stevenson
1953,700,0,0,56,Carl Scarborough
1953,699,0,0,50,Duke Nalon
1953,721,0,0,80,Peter Hirt
1953,475,0,0,20,Stirling Moss
1953,554,0,0,21,Jean Behra
1953,663,0,0,26,Ken Wharton
1953,632,0,0,47,Paul Frère
1953,689,0,0,38,Alan Brown
1953,625,0,0,83,Élie Bayol
1953,692,0,0,55,Theo Helfrich
1953,710,0,0,62,Rudolf Krause
1953,715,0,0,105,Günther Bechem
1953,712,0,0,95,Willi Heeks
1953,709,0,0,64,Ernst Klodwig
1953,705,0,0,100,Tony Crook
1953,664,0,0,57,Kenneth McAlpine
1953,456,0,0,81,Roy Salvadori
1953,722,0,0,97,Piero Carini
1953,703,0,0,89,Arthur Legat
1953,702,0,0,54,Bob Scott
1953,628,0,0,90,Bob Sweikert
1953,513,0,0,30,Eddie Johnson
1953,525,0,0,61,Jimmy Bryan
1953,720,0,0,35,Max de Terra
1953,717,0,0,60,Hans von Stuck
1953,581,0,0,33,Peter Collins
1953,651,0,0,75,Lance Macklin
1953,577,0,0,32,Luigi Musso
1953,804,0,0,70,Johnny Mantz
1953,667,0,0,104,John Fitch
1953,620,0,0,36,Umberto Maglioli
1953,644,0,0,31,Sergio Mantovani
1953,719,0,0,43,Albert Scherrer
1953,718,0,0,108,Ernst Loof
1953,716,0,0,107,Erwin Bauer
1953,714,0,0,103,Kurt Adolff
1953,713,0,0,101,Theo Fitzau
1953,711,0,0,93,Oswald Karch
1953,431,0,0,88,Edgar Barth
1953,455,0,0,67,Wolfgang Seidel
1953,690,0,0,51,Rodney Nuckey
1953,478,0,0,42,Hans Herrmann
1953,707,0,0,94,Ian Stewart
1953,486,0,0,79,Jack Fairman
1953,706,0,0,73,Jimmy Stewart
1953,681,0,0,85,Georges Berger
1953,693,0,0,44,Fred Wacker
1953,643,0,0,22,Roberto Mieres
1953,512,0,0,84,Johnny Thomson
1953,655,0,0,106,Cal Niday
1953,528,0,0,102,Don Freeland
1953,613,0,0,82,Marshall Teague
1953,679,0,0,37,Ernie McCoy
1953,556,0,0,23,Jimmy Daywalt
1953,698,0,0,78,Adolfo Cruz
1953,649,0,0,77,Pablo Birger
1953,496,0,0,76,Carlos Menditeguy
1953,696,0,0,34,John Barber
1952,647,36,6,1,Alberto Ascari
1952,642,24,0,2,Nino Farina
1952,641,22,1,3,Piero Taruffi
1952,723,10,0,4,Rudi Fischer
1952,578,10,0,5,Mike Hawthorn
1952,626,9,0,6,Robert Manzon
1952,526,8,1,7,Troy Ruttman
1952,633,8,0,8,Luigi Villoresi
1952,498,6,0,9,José Froilán González
1952,509,6,0,10,Jim Rathmann
1952,554,6,0,11,Jean Behra
1952,611,4,0,12,Sam Hanks
1952,518,3,0,15,Duane Carter
1952,742,3,0,14,Dennis Poore
1952,663,3,0,13,Ken Wharton
1952,697,2,0,19,Felice Bonetto
1952,427,2,0,17,Maurice Trintignant
1952,743,2,0,21,Eric Thompson
1952,632,2,0,18,Paul Frère
1952,656,2,0,20,Art Cross
1952,689,2,0,16,Alan Brown
1952,657,1,0,22,Bill Vukovich
1952,627,0,0,48,Louis Rosier
1952,593,0,0,50,Johnnie Parsons
1952,669,0,0,46,Prince Bira
1952,687,0,0,47,Peter Whitehead
1952,686,0,0,31,Reg Parnell
1952,741,0,0,39,Philippe Étancelin
1952,704,0,0,49,Yves Cabantous
1952,529,0,0,91,Tony Bettenhausen
1952,756,0,0,92,Paul Pietsch
1952,740,0,0,54,Franco Comotti
1952,615,0,0,96,Fred Agabashian
1952,729,0,0,61,Bill Schindler
1952,731,0,0,69,Henry Banks
1952,677,0,0,88,Travis Webb
1952,732,0,0,72,Johnny McDowell
1952,520,0,0,98,Gene Hartley
1952,658,0,0,53,Jack McGrath
1952,726,0,0,40,George Connor
1952,501,0,0,66,Harry Schell
1952,762,0,0,84,Franco Rol
1952,640,0,0,24,Toulo de Graffenried
1952,747,0,0,99,David Murray
1952,660,0,0,37,Johnny Claes
1952,612,0,0,104,Andy Linden
1952,734,0,0,103,Bobby Ball
1952,675,0,0,70,Manny Ayulo
1952,622,0,0,36,Chico Landi
1952,708,0,0,30,Duncan Hamilton
1952,609,0,0,25,André Simon
1952,728,0,0,58,Joe James
1952,629,0,0,44,Cliff Griffith
1952,449,0,0,89,Rodger Ward
1952,733,0,0,102,Chet Miller
1952,521,0,0,68,Chuck Stevenson
1952,699,0,0,93,Duke Nalon
1952,721,0,0,28,Peter Hirt
1952,725,0,0,78,George Abecassis
1952,475,0,0,73,Stirling Moss
1952,760,0,0,105,Piero Dusio
1952,761,0,0,94,Alberto Crespo
1952,625,0,0,90,Élie Bayol
1952,759,0,0,43,Jan Flinterman
1952,758,0,0,74,Dries van der Lof
1952,757,0,0,100,Josef Peters
1952,692,0,0,97,Theo Helfrich
1952,755,0,0,86,Rudolf Schoeller
1952,710,0,0,83,Rudolf Krause
1952,715,0,0,81,Günther Bechem
1952,754,0,0,79,Marcel Balsa
1952,750,0,0,76,Adolf Brudes
1952,712,0,0,75,Willi Heeks
1952,709,0,0,55,Ernst Klodwig
1952,753,0,0,52,Hans Klenk
1952,752,0,0,45,Helmut Niedermayr
1952,751,0,0,33,Fritz Riess
1952,749,0,0,87,Bill Aston
1952,748,0,0,51,Eitel Cantoni
1952,705,0,0,71,Tony Crook
1952,746,0,0,67,Gino Bianco
1952,664,0,0,64,Kenneth McAlpine
1952,745,0,0,57,Graham Whitehead
1952,744,0,0,42,Ken Downing
1952,456,0,0,41,Roy Salvadori
1952,722,0,0,82,Piero Carini
1952,739,0,0,77,Robin Montgomerie-Charrington
1952,738,0,0,62,Tony Gaze
1952,737,0,0,60,Robert O'Brien
1952,703,0,0,59,Arthur Legat
1952,736,0,0,23,Roger Laurent
1952,735,0,0,29,Charles de Tornaco
1952,702,0,0,101,Bob Scott
1952,628,0,0,95,Bob Sweikert
1952,513,0,0,65,Eddie Johnson
1952,730,0,0,63,George Fonder
1952,727,0,0,56,Jim Rigsby
1952,592,0,0,32,Jimmy Reece
1952,525,0,0,27,Jimmy Bryan
1952,720,0,0,85,Max de Terra
1952,724,0,0,38,Toni Ulmen
1952,717,0,0,80,Hans von Stuck
1952,581,0,0,26,Peter Collins
1952,651,0,0,34,Lance Macklin
1952,688,0,0,35,Eric Brandon
1951,579,31,3,1,Juan Fangio
1951,647,25,2,2,Alberto Ascari
1951,498,24,1,3,José Froilán González
1951,642,19,1,4,Nino Farina
1951,633,15,0,5,Luigi Villoresi
1951,641,10,0,6,Piero Taruffi
1951,766,9,1,7,Lee Wallard
1951,697,7,0,8,Felice Bonetto
1951,673,6,0,9,Mike Nazaruk
1951,686,5,0,10,Reg Parnell
1951,786,4,1,11,Luigi Fagioli
1951,627,3,0,13,Louis Rosier
1951,763,3,0,12,Consalvo Sanesi
1951,612,3,0,14,Andy Linden
1951,704,2,0,17,Yves Cabantous
1951,658,2,0,15,Jack McGrath
1951,640,2,0,16,Toulo de Graffenried
1951,734,2,0,18,Bobby Ball
1951,675,2,0,19,Manny Ayulo
1951,593,0,0,71,Johnnie Parsons
1951,669,0,0,62,Prince Bira
1951,768,0,0,49,Mauri Rose
1951,687,0,0,36,Peter Whitehead
1951,589,0,0,20,Louis Chiron
1951,770,0,0,72,Cecil Green
1951,626,0,0,25,Robert Manzon
1951,741,0,0,30,Philippe Étancelin
1951,529,0,0,43,Tony Bettenhausen
1951,774,0,0,32,Eugène Chaboud
1951,756,0,0,56,Paul Pietsch
1951,765,0,0,55,Henri Louveau
1951,764,0,0,35,Guy Mairesse
1951,773,0,0,29,Pierre Levegh
1951,780,0,0,68,Toni Branca
1951,630,0,0,75,Duke Dinsmore
1951,611,0,0,47,Sam Hanks
1951,615,0,0,58,Fred Agabashian
1951,729,0,0,48,Bill Schindler
1951,731,0,0,23,Henry Banks
1951,771,0,0,77,Walt Brown
1951,732,0,0,83,Johnny McDowell
1951,653,0,0,53,Jimmy Davies
1951,526,0,0,74,Troy Ruttman
1951,772,0,0,82,Mack Hellings
1951,518,0,0,31,Duane Carter
1951,726,0,0,81,George Connor
1951,654,0,0,50,Walt Faulkner
1951,501,0,0,42,Harry Schell
1951,762,0,0,37,Franco Rol
1951,427,0,0,45,Maurice Trintignant
1951,661,0,0,28,Peter Walker
1951,747,0,0,60,David Murray
1951,776,0,0,52,Joe Kelly
1951,660,0,0,26,Johnny Claes
1951,778,0,0,34,Brian Shawe Taylor
1951,619,0,0,40,Bob Gerard
1951,783,0,0,54,Georges Grignard
1951,580,0,0,39,Paco Godia
1951,781,0,0,73,Ken Richardson
1951,622,0,0,66,Chico Landi
1951,680,0,0,38,Jacques Swaters
1951,779,0,0,64,John James
1951,777,0,0,59,Philip Fotheringham-Parker
1951,708,0,0,41,Duncan Hamilton
1951,670,0,0,70,Onofre Marimón
1951,609,0,0,22,André Simon
1951,775,0,0,51,Aldo Gordini
1951,429,0,0,24,André Pilette
1951,728,0,0,84,Joe James
1951,657,0,0,80,Bill Vukovich
1951,629,0,0,79,Cliff Griffith
1951,449,0,0,78,Rodger Ward
1951,733,0,0,76,Chet Miller
1951,521,0,0,67,Chuck Stevenson
1951,769,0,0,63,Bill Mackey
1951,700,0,0,61,Carl Scarborough
1951,534,0,0,46,Gene Force
1951,699,0,0,44,Duke Nalon
1951,767,0,0,27,Carl Forberg
1951,721,0,0,69,Peter Hirt
1951,725,0,0,57,George Abecassis
1951,723,0,0,21,Rudi Fischer
1951,475,0,0,33,Stirling Moss
1951,782,0,0,65,Juan Jover
1950,642,30,3,1,Nino Farina
1950,579,27,3,2,Juan Fangio
1950,786,24,0,3,Luigi Fagioli
1950,627,13,0,4,Louis Rosier
1950,647,11,0,5,Alberto Ascari
1950,593,9,1,6,Johnnie Parsons
1950,701,6,0,7,Bill Holland
1950,669,5,0,8,Prince Bira
1950,768,4,0,12,Mauri Rose
1950,687,4,0,9,Peter Whitehead
1950,589,4,0,10,Louis Chiron
1950,686,4,0,11,Reg Parnell
1950,802,3,0,13,Dorino Serafini
1950,770,3,0,17,Cecil Green
1950,626,3,0,16,Robert Manzon
1950,793,3,0,15,Raymond Sommer
1950,741,3,0,18,Philippe Étancelin
1950,704,3,0,14,Yves Cabantous
1950,697,2,0,19,Felice Bonetto
1950,529,1,0,21,Tony Bettenhausen
1950,794,1,0,22,Joie Chitwood
1950,774,1,0,20,Eugène Chaboud
1950,803,0,0,74,Bill Cantrell
1950,666,0,0,67,Tony Rolt
1950,788,0,0,40,Joe Fry
1950,756,0,0,72,Paul Pietsch
1950,763,0,0,71,Consalvo Sanesi
1950,740,0,0,66,Franco Comotti
1950,765,0,0,65,Henri Louveau
1950,791,0,0,64,Clemente Biondetti
1950,641,0,0,61,Piero Taruffi
1950,764,0,0,58,Guy Mairesse
1950,801,0,0,26,Charles Pozzi
1950,773,0,0,29,Pierre Levegh
1950,780,0,0,38,Toni Branca
1950,800,0,0,32,Nello Pagani
1950,630,0,0,80,Duke Dinsmore
1950,537,0,0,79,Dick Rathmann
1950,611,0,0,78,Sam Hanks
1950,799,0,0,77,Jimmy Jackson
1950,615,0,0,76,Fred Agabashian
1950,798,0,0,75,Bayliss Levrett
1950,729,0,0,73,Bill Schindler
1950,731,0,0,81,Henry Banks
1950,509,0,0,55,Jim Rathmann
1950,797,0,0,54,Jackie Holmes
1950,796,0,0,53,Walt Ader
1950,659,0,0,52,Jerry Hoyt
1950,677,0,0,51,Travis Webb
1950,771,0,0,50,Walt Brown
1950,732,0,0,49,Johnny McDowell
1950,653,0,0,48,Jimmy Davies
1950,520,0,0,47,Gene Hartley
1950,526,0,0,46,Troy Ruttman
1950,658,0,0,45,Jack McGrath
1950,772,0,0,44,Mack Hellings
1950,518,0,0,43,Duane Carter
1950,559,0,0,39,Pat Flaherty
1950,555,0,0,37,Paul Russo
1950,726,0,0,34,George Connor
1950,654,0,0,31,Walt Faulkner
1950,766,0,0,27,Lee Wallard
1950,501,0,0,33,Harry Schell
1950,762,0,0,59,Franco Rol
1950,427,0,0,63,Maurice Trintignant
1950,498,0,0,57,José Froilán González
1950,633,0,0,25,Luigi Villoresi
1950,790,0,0,69,Leslie Johnson
1950,661,0,0,68,Peter Walker
1950,789,0,0,62,Eugène Martin
1950,640,0,0,23,Toulo de Graffenried
1950,785,0,0,35,Geoff Crossley
1950,747,0,0,56,David Murray
1950,776,0,0,60,Joe Kelly
1950,660,0,0,28,Johnny Claes
1950,778,0,0,41,Brian Shawe Taylor
1950,619,0,0,24,Bob Gerard
1950,787,0,0,30,Cuth Harrison
1950,784,0,0,36,David Hampshire
1950,792,0,0,70,Alfredo Pián
1950,795,0,0,42,Myron Fohr
