location,country,circuitId,year,name,lat,lng,alt,TOT
Melbourne,Australia,1,2009,Albert Park Circuit,-37.8497,144.968,10,1.0
Melbourne,Australia,1,2008,Albert Park Circuit,-37.8497,144.968,10,1.0
Melbourne,Australia,1,2007,Albert Park Circuit,-37.8497,144.968,10,1.0
Melbourne,Australia,1,2006,Albert Park Circuit,-37.8497,144.968,10,1.0
Melbourne,Australia,1,2005,Albert Park Circuit,-37.8497,144.968,10,1.0
Melbourne,Australia,1,2004,Albert Park Circuit,-37.8497,144.968,10,1.0
Melbourne,Australia,1,2003,Albert Park Circuit,-37.8497,144.968,10,1.0
Melbourne,Australia,1,2002,Albert Park Circuit,-37.8497,144.968,10,1.0
Melbourne,Australia,1,2001,Albert Park Circuit,-37.8497,144.968,10,1.0
Melbourne,Australia,1,2000,Albert Park Circuit,-37.8497,144.968,10,1.0
Melbourne,Australia,1,1999,Albert Park Circuit,-37.8497,144.968,10,1.0
Melbourne,Australia,1,1998,Albert Park Circuit,-37.8497,144.968,10,1.0
Melbourne,Australia,1,1997,Albert Park Circuit,-37.8497,144.968,10,1.0
Melbourne,Australia,1,1996,Albert Park Circuit,-37.8497,144.968,10,1.0
Melbourne,Australia,1,2010,Albert Park Circuit,-37.8497,144.968,10,1.0
Melbourne,Australia,1,2011,Albert Park Circuit,-37.8497,144.968,10,1.0
Melbourne,Australia,1,2012,Albert Park Circuit,-37.8497,144.968,10,1.0
Melbourne,Australia,1,2013,Albert Park Circuit,-37.8497,144.968,10,1.0
Melbourne,Australia,1,2014,Albert Park Circuit,-37.8497,144.968,10,1.0
Melbourne,Australia,1,2015,Albert Park Circuit,-37.8497,144.968,10,1.0
Melbourne,Australia,1,2016,Albert Park Circuit,-37.8497,144.968,10,1.0
Melbourne,Australia,1,2017,Albert Park Circuit,-37.8497,144.968,10,1.0
Melbourne,Australia,1,2018,Albert Park Circuit,-37.8497,144.968,10,1.0
Melbourne,Australia,1,2019,Albert Park Circuit,-37.8497,144.968,10,1.0
Kuala Lumpur,Malaysia,2,2009,Sepang International Circuit,2.76083,101.738,18,1.0
Kuala Lumpur,Malaysia,2,2008,Sepang International Circuit,2.76083,101.738,18,1.0
Kuala Lumpur,Malaysia,2,2007,Sepang International Circuit,2.76083,101.738,18,1.0
Kuala Lumpur,Malaysia,2,2006,Sepang International Circuit,2.76083,101.738,18,1.0
Kuala Lumpur,Malaysia,2,2005,Sepang International Circuit,2.76083,101.738,18,1.0
Kuala Lumpur,Malaysia,2,2004,Sepang International Circuit,2.76083,101.738,18,1.0
Kuala Lumpur,Malaysia,2,2003,Sepang International Circuit,2.76083,101.738,18,1.0
Kuala Lumpur,Malaysia,2,2002,Sepang International Circuit,2.76083,101.738,18,1.0
Kuala Lumpur,Malaysia,2,2001,Sepang International Circuit,2.76083,101.738,18,1.0
Kuala Lumpur,Malaysia,2,2000,Sepang International Circuit,2.76083,101.738,18,1.0
Kuala Lumpur,Malaysia,2,1999,Sepang International Circuit,2.76083,101.738,18,1.0
Kuala Lumpur,Malaysia,2,2010,Sepang International Circuit,2.76083,101.738,18,1.0
Kuala Lumpur,Malaysia,2,2011,Sepang International Circuit,2.76083,101.738,18,1.0
Kuala Lumpur,Malaysia,2,2012,Sepang International Circuit,2.76083,101.738,18,1.0
Kuala Lumpur,Malaysia,2,2013,Sepang International Circuit,2.76083,101.738,18,1.0
Kuala Lumpur,Malaysia,2,2014,Sepang International Circuit,2.76083,101.738,18,1.0
Kuala Lumpur,Malaysia,2,2015,Sepang International Circuit,2.76083,101.738,18,1.0
Kuala Lumpur,Malaysia,2,2016,Sepang International Circuit,2.76083,101.738,18,1.0
Kuala Lumpur,Malaysia,2,2017,Sepang International Circuit,2.76083,101.738,18,1.0
Shanghai,China,17,2009,Shanghai International Circuit,31.3389,121.22,5,1.0
Shanghai,China,17,2008,Shanghai International Circuit,31.3389,121.22,5,1.0
Shanghai,China,17,2007,Shanghai International Circuit,31.3389,121.22,5,1.0
Shanghai,China,17,2006,Shanghai International Circuit,31.3389,121.22,5,1.0
Shanghai,China,17,2005,Shanghai International Circuit,31.3389,121.22,5,1.0
Shanghai,China,17,2004,Shanghai International Circuit,31.3389,121.22,5,1.0
Shanghai,China,17,2010,Shanghai International Circuit,31.3389,121.22,5,1.0
Shanghai,China,17,2011,Shanghai International Circuit,31.3389,121.22,5,1.0
Shanghai,China,17,2012,Shanghai International Circuit,31.3389,121.22,5,1.0
Shanghai,China,17,2013,Shanghai International Circuit,31.3389,121.22,5,1.0
Shanghai,China,17,2014,Shanghai International Circuit,31.3389,121.22,5,1.0
Shanghai,China,17,2015,Shanghai International Circuit,31.3389,121.22,5,1.0
Shanghai,China,17,2016,Shanghai International Circuit,31.3389,121.22,5,1.0
Shanghai,China,17,2017,Shanghai International Circuit,31.3389,121.22,5,1.0
Shanghai,China,17,2018,Shanghai International Circuit,31.3389,121.22,5,1.0
Shanghai,China,17,2019,Shanghai International Circuit,31.3389,121.22,5,1.0
Sakhir,Bahrain,3,2009,Bahrain International Circuit,26.0325,50.5106,7,1.0
Sakhir,Bahrain,3,2008,Bahrain International Circuit,26.0325,50.5106,7,1.0
Sakhir,Bahrain,3,2007,Bahrain International Circuit,26.0325,50.5106,7,1.0
Sakhir,Bahrain,3,2006,Bahrain International Circuit,26.0325,50.5106,7,1.0
Sakhir,Bahrain,3,2005,Bahrain International Circuit,26.0325,50.5106,7,1.0
Sakhir,Bahrain,3,2004,Bahrain International Circuit,26.0325,50.5106,7,1.0
Sakhir,Bahrain,3,2010,Bahrain International Circuit,26.0325,50.5106,7,1.0
Sakhir,Bahrain,3,2012,Bahrain International Circuit,26.0325,50.5106,7,1.0
Sakhir,Bahrain,3,2013,Bahrain International Circuit,26.0325,50.5106,7,1.0
Sakhir,Bahrain,3,2014,Bahrain International Circuit,26.0325,50.5106,7,1.0
Sakhir,Bahrain,3,2015,Bahrain International Circuit,26.0325,50.5106,7,1.0
Sakhir,Bahrain,3,2016,Bahrain International Circuit,26.0325,50.5106,7,1.0
Sakhir,Bahrain,3,2017,Bahrain International Circuit,26.0325,50.5106,7,1.0
Sakhir,Bahrain,3,2018,Bahrain International Circuit,26.0325,50.5106,7,1.0
Sakhir,Bahrain,3,2019,Bahrain International Circuit,26.0325,50.5106,7,1.0
Sakhir,Bahrain,3,2020,Bahrain International Circuit,26.0325,50.5106,7,1.0
Sakhir,Bahrain,3,2020,Bahrain International Circuit,26.0325,50.5106,7,1.0
Montmeló,Spain,4,2009,Circuit de Barcelona-Catalunya,41.57,2.26111,109,1.0
Montmeló,Spain,4,2008,Circuit de Barcelona-Catalunya,41.57,2.26111,109,1.0
Montmeló,Spain,4,2007,Circuit de Barcelona-Catalunya,41.57,2.26111,109,1.0
Montmeló,Spain,4,2006,Circuit de Barcelona-Catalunya,41.57,2.26111,109,1.0
Montmeló,Spain,4,2005,Circuit de Barcelona-Catalunya,41.57,2.26111,109,1.0
Montmeló,Spain,4,2004,Circuit de Barcelona-Catalunya,41.57,2.26111,109,1.0
Montmeló,Spain,4,2003,Circuit de Barcelona-Catalunya,41.57,2.26111,109,1.0
Montmeló,Spain,4,2002,Circuit de Barcelona-Catalunya,41.57,2.26111,109,1.0
Montmeló,Spain,4,2001,Circuit de Barcelona-Catalunya,41.57,2.26111,109,1.0
Montmeló,Spain,4,2000,Circuit de Barcelona-Catalunya,41.57,2.26111,109,1.0
Montmeló,Spain,4,1999,Circuit de Barcelona-Catalunya,41.57,2.26111,109,1.0
Montmeló,Spain,4,1998,Circuit de Barcelona-Catalunya,41.57,2.26111,109,1.0
Montmeló,Spain,4,1997,Circuit de Barcelona-Catalunya,41.57,2.26111,109,1.0
Montmeló,Spain,4,1996,Circuit de Barcelona-Catalunya,41.57,2.26111,109,1.0
Montmeló,Spain,4,1995,Circuit de Barcelona-Catalunya,41.57,2.26111,109,1.0
Montmeló,Spain,4,1994,Circuit de Barcelona-Catalunya,41.57,2.26111,109,1.0
Montmeló,Spain,4,1993,Circuit de Barcelona-Catalunya,41.57,2.26111,109,1.0
Montmeló,Spain,4,1992,Circuit de Barcelona-Catalunya,41.57,2.26111,109,1.0
Montmeló,Spain,4,1991,Circuit de Barcelona-Catalunya,41.57,2.26111,109,1.0
Montmeló,Spain,4,2010,Circuit de Barcelona-Catalunya,41.57,2.26111,109,1.0
Montmeló,Spain,4,2011,Circuit de Barcelona-Catalunya,41.57,2.26111,109,1.0
Montmeló,Spain,4,2012,Circuit de Barcelona-Catalunya,41.57,2.26111,109,1.0
Montmeló,Spain,4,2013,Circuit de Barcelona-Catalunya,41.57,2.26111,109,1.0
Montmeló,Spain,4,2014,Circuit de Barcelona-Catalunya,41.57,2.26111,109,1.0
Montmeló,Spain,4,2015,Circuit de Barcelona-Catalunya,41.57,2.26111,109,1.0
Montmeló,Spain,4,2016,Circuit de Barcelona-Catalunya,41.57,2.26111,109,1.0
Montmeló,Spain,4,2017,Circuit de Barcelona-Catalunya,41.57,2.26111,109,1.0
Montmeló,Spain,4,2018,Circuit de Barcelona-Catalunya,41.57,2.26111,109,1.0
Montmeló,Spain,4,2019,Circuit de Barcelona-Catalunya,41.57,2.26111,109,1.0
Montmeló,Spain,4,2020,Circuit de Barcelona-Catalunya,41.57,2.26111,109,1.0
Monte-Carlo,Monaco,6,2009,Circuit de Monaco,43.7347,7.42056,7,1.0
Monte-Carlo,Monaco,6,2008,Circuit de Monaco,43.7347,7.42056,7,1.0
Monte-Carlo,Monaco,6,2007,Circuit de Monaco,43.7347,7.42056,7,1.0
Monte-Carlo,Monaco,6,2006,Circuit de Monaco,43.7347,7.42056,7,1.0
Monte-Carlo,Monaco,6,2005,Circuit de Monaco,43.7347,7.42056,7,1.0
Monte-Carlo,Monaco,6,2004,Circuit de Monaco,43.7347,7.42056,7,1.0
Monte-Carlo,Monaco,6,2003,Circuit de Monaco,43.7347,7.42056,7,1.0
Monte-Carlo,Monaco,6,2002,Circuit de Monaco,43.7347,7.42056,7,1.0
Monte-Carlo,Monaco,6,2001,Circuit de Monaco,43.7347,7.42056,7,1.0
Monte-Carlo,Monaco,6,2000,Circuit de Monaco,43.7347,7.42056,7,1.0
Monte-Carlo,Monaco,6,1999,Circuit de Monaco,43.7347,7.42056,7,1.0
Monte-Carlo,Monaco,6,1998,Circuit de Monaco,43.7347,7.42056,7,1.0
Monte-Carlo,Monaco,6,1997,Circuit de Monaco,43.7347,7.42056,7,1.0
Monte-Carlo,Monaco,6,1996,Circuit de Monaco,43.7347,7.42056,7,1.0
Monte-Carlo,Monaco,6,1995,Circuit de Monaco,43.7347,7.42056,7,1.0
Monte-Carlo,Monaco,6,1994,Circuit de Monaco,43.7347,7.42056,7,1.0
Monte-Carlo,Monaco,6,1993,Circuit de Monaco,43.7347,7.42056,7,1.0
Monte-Carlo,Monaco,6,1992,Circuit de Monaco,43.7347,7.42056,7,1.0
Monte-Carlo,Monaco,6,1991,Circuit de Monaco,43.7347,7.42056,7,1.0
Monte-Carlo,Monaco,6,1990,Circuit de Monaco,43.7347,7.42056,7,1.0
Monte-Carlo,Monaco,6,2010,Circuit de Monaco,43.7347,7.42056,7,1.0
Monte-Carlo,Monaco,6,1989,Circuit de Monaco,43.7347,7.42056,7,1.0
Monte-Carlo,Monaco,6,1988,Circuit de Monaco,43.7347,7.42056,7,1.0
Monte-Carlo,Monaco,6,1987,Circuit de Monaco,43.7347,7.42056,7,1.0
Monte-Carlo,Monaco,6,1986,Circuit de Monaco,43.7347,7.42056,7,1.0
Monte-Carlo,Monaco,6,1985,Circuit de Monaco,43.7347,7.42056,7,1.0
Monte-Carlo,Monaco,6,1984,Circuit de Monaco,43.7347,7.42056,7,1.0
Monte-Carlo,Monaco,6,1983,Circuit de Monaco,43.7347,7.42056,7,1.0
Monte-Carlo,Monaco,6,1982,Circuit de Monaco,43.7347,7.42056,7,1.0
Monte-Carlo,Monaco,6,1981,Circuit de Monaco,43.7347,7.42056,7,1.0
Monte-Carlo,Monaco,6,1980,Circuit de Monaco,43.7347,7.42056,7,1.0
Monte-Carlo,Monaco,6,1979,Circuit de Monaco,43.7347,7.42056,7,1.0
Monte-Carlo,Monaco,6,1978,Circuit de Monaco,43.7347,7.42056,7,1.0
Monte-Carlo,Monaco,6,1977,Circuit de Monaco,43.7347,7.42056,7,1.0
Monte-Carlo,Monaco,6,1976,Circuit de Monaco,43.7347,7.42056,7,1.0
Monte-Carlo,Monaco,6,1975,Circuit de Monaco,43.7347,7.42056,7,1.0
Monte-Carlo,Monaco,6,1974,Circuit de Monaco,43.7347,7.42056,7,1.0
Monte-Carlo,Monaco,6,1973,Circuit de Monaco,43.7347,7.42056,7,1.0
Monte-Carlo,Monaco,6,1972,Circuit de Monaco,43.7347,7.42056,7,1.0
Monte-Carlo,Monaco,6,1971,Circuit de Monaco,43.7347,7.42056,7,1.0
Monte-Carlo,Monaco,6,1970,Circuit de Monaco,43.7347,7.42056,7,1.0
Monte-Carlo,Monaco,6,1969,Circuit de Monaco,43.7347,7.42056,7,1.0
Monte-Carlo,Monaco,6,1968,Circuit de Monaco,43.7347,7.42056,7,1.0
Monte-Carlo,Monaco,6,1967,Circuit de Monaco,43.7347,7.42056,7,1.0
Monte-Carlo,Monaco,6,1966,Circuit de Monaco,43.7347,7.42056,7,1.0
Monte-Carlo,Monaco,6,1965,Circuit de Monaco,43.7347,7.42056,7,1.0
Monte-Carlo,Monaco,6,1964,Circuit de Monaco,43.7347,7.42056,7,1.0
Monte-Carlo,Monaco,6,1963,Circuit de Monaco,43.7347,7.42056,7,1.0
Monte-Carlo,Monaco,6,1962,Circuit de Monaco,43.7347,7.42056,7,1.0
Monte-Carlo,Monaco,6,1961,Circuit de Monaco,43.7347,7.42056,7,1.0
Monte-Carlo,Monaco,6,1960,Circuit de Monaco,43.7347,7.42056,7,1.0
Monte-Carlo,Monaco,6,1959,Circuit de Monaco,43.7347,7.42056,7,1.0
Monte-Carlo,Monaco,6,1958,Circuit de Monaco,43.7347,7.42056,7,1.0
Monte-Carlo,Monaco,6,1957,Circuit de Monaco,43.7347,7.42056,7,1.0
Monte-Carlo,Monaco,6,1956,Circuit de Monaco,43.7347,7.42056,7,1.0
Monte-Carlo,Monaco,6,1955,Circuit de Monaco,43.7347,7.42056,7,1.0
Monte-Carlo,Monaco,6,1950,Circuit de Monaco,43.7347,7.42056,7,1.0
Monte-Carlo,Monaco,6,2011,Circuit de Monaco,43.7347,7.42056,7,1.0
Monte-Carlo,Monaco,6,2012,Circuit de Monaco,43.7347,7.42056,7,1.0
Monte-Carlo,Monaco,6,2013,Circuit de Monaco,43.7347,7.42056,7,1.0
Monte-Carlo,Monaco,6,2014,Circuit de Monaco,43.7347,7.42056,7,1.0
Monte-Carlo,Monaco,6,2015,Circuit de Monaco,43.7347,7.42056,7,1.0
Monte-Carlo,Monaco,6,2016,Circuit de Monaco,43.7347,7.42056,7,1.0
Monte-Carlo,Monaco,6,2017,Circuit de Monaco,43.7347,7.42056,7,1.0
Monte-Carlo,Monaco,6,2018,Circuit de Monaco,43.7347,7.42056,7,1.0
Monte-Carlo,Monaco,6,2019,Circuit de Monaco,43.7347,7.42056,7,1.0
Istanbul,Turkey,5,2009,Istanbul Park,40.9517,29.405,130,1.0
Istanbul,Turkey,5,2008,Istanbul Park,40.9517,29.405,130,1.0
Istanbul,Turkey,5,2007,Istanbul Park,40.9517,29.405,130,1.0
Istanbul,Turkey,5,2006,Istanbul Park,40.9517,29.405,130,1.0
Istanbul,Turkey,5,2005,Istanbul Park,40.9517,29.405,130,1.0
Istanbul,Turkey,5,2010,Istanbul Park,40.9517,29.405,130,1.0
Istanbul,Turkey,5,2011,Istanbul Park,40.9517,29.405,130,1.0
Istanbul,Turkey,5,2020,Istanbul Park,40.9517,29.405,130,1.0
Silverstone,UK,9,2009,Silverstone Circuit,52.0786,-1.01694,153,1.0
Silverstone,UK,9,2008,Silverstone Circuit,52.0786,-1.01694,153,1.0
Silverstone,UK,9,2007,Silverstone Circuit,52.0786,-1.01694,153,1.0
Silverstone,UK,9,2006,Silverstone Circuit,52.0786,-1.01694,153,1.0
Silverstone,UK,9,2005,Silverstone Circuit,52.0786,-1.01694,153,1.0
Silverstone,UK,9,2004,Silverstone Circuit,52.0786,-1.01694,153,1.0
Silverstone,UK,9,2003,Silverstone Circuit,52.0786,-1.01694,153,1.0
Silverstone,UK,9,2002,Silverstone Circuit,52.0786,-1.01694,153,1.0
Silverstone,UK,9,2001,Silverstone Circuit,52.0786,-1.01694,153,1.0
Silverstone,UK,9,2000,Silverstone Circuit,52.0786,-1.01694,153,1.0
Silverstone,UK,9,1999,Silverstone Circuit,52.0786,-1.01694,153,1.0
Silverstone,UK,9,1998,Silverstone Circuit,52.0786,-1.01694,153,1.0
Silverstone,UK,9,1997,Silverstone Circuit,52.0786,-1.01694,153,1.0
Silverstone,UK,9,1996,Silverstone Circuit,52.0786,-1.01694,153,1.0
Silverstone,UK,9,1995,Silverstone Circuit,52.0786,-1.01694,153,1.0
Silverstone,UK,9,1994,Silverstone Circuit,52.0786,-1.01694,153,1.0
Silverstone,UK,9,1993,Silverstone Circuit,52.0786,-1.01694,153,1.0
Silverstone,UK,9,1992,Silverstone Circuit,52.0786,-1.01694,153,1.0
Silverstone,UK,9,1991,Silverstone Circuit,52.0786,-1.01694,153,1.0
Silverstone,UK,9,1990,Silverstone Circuit,52.0786,-1.01694,153,1.0
Silverstone,UK,9,2010,Silverstone Circuit,52.0786,-1.01694,153,1.0
Silverstone,UK,9,1989,Silverstone Circuit,52.0786,-1.01694,153,1.0
Silverstone,UK,9,1988,Silverstone Circuit,52.0786,-1.01694,153,1.0
Silverstone,UK,9,1987,Silverstone Circuit,52.0786,-1.01694,153,1.0
Silverstone,UK,9,1985,Silverstone Circuit,52.0786,-1.01694,153,1.0
Silverstone,UK,9,1983,Silverstone Circuit,52.0786,-1.01694,153,1.0
Silverstone,UK,9,1981,Silverstone Circuit,52.0786,-1.01694,153,1.0
Silverstone,UK,9,1979,Silverstone Circuit,52.0786,-1.01694,153,1.0
Silverstone,UK,9,1977,Silverstone Circuit,52.0786,-1.01694,153,1.0
Silverstone,UK,9,1975,Silverstone Circuit,52.0786,-1.01694,153,1.0
Silverstone,UK,9,1973,Silverstone Circuit,52.0786,-1.01694,153,1.0
Silverstone,UK,9,1971,Silverstone Circuit,52.0786,-1.01694,153,1.0
Silverstone,UK,9,1969,Silverstone Circuit,52.0786,-1.01694,153,1.0
Silverstone,UK,9,1967,Silverstone Circuit,52.0786,-1.01694,153,1.0
Silverstone,UK,9,1965,Silverstone Circuit,52.0786,-1.01694,153,1.0
Silverstone,UK,9,1963,Silverstone Circuit,52.0786,-1.01694,153,1.0
Silverstone,UK,9,1960,Silverstone Circuit,52.0786,-1.01694,153,1.0
Silverstone,UK,9,1958,Silverstone Circuit,52.0786,-1.01694,153,1.0
Silverstone,UK,9,1956,Silverstone Circuit,52.0786,-1.01694,153,1.0
Silverstone,UK,9,1954,Silverstone Circuit,52.0786,-1.01694,153,1.0
Silverstone,UK,9,1953,Silverstone Circuit,52.0786,-1.01694,153,1.0
Silverstone,UK,9,1952,Silverstone Circuit,52.0786,-1.01694,153,1.0
Silverstone,UK,9,1951,Silverstone Circuit,52.0786,-1.01694,153,1.0
Silverstone,UK,9,1950,Silverstone Circuit,52.0786,-1.01694,153,1.0
Silverstone,UK,9,2011,Silverstone Circuit,52.0786,-1.01694,153,1.0
Silverstone,UK,9,2012,Silverstone Circuit,52.0786,-1.01694,153,1.0
Silverstone,UK,9,2013,Silverstone Circuit,52.0786,-1.01694,153,1.0
Silverstone,UK,9,2014,Silverstone Circuit,52.0786,-1.01694,153,1.0
Silverstone,UK,9,2015,Silverstone Circuit,52.0786,-1.01694,153,1.0
Silverstone,UK,9,2016,Silverstone Circuit,52.0786,-1.01694,153,1.0
Silverstone,UK,9,2017,Silverstone Circuit,52.0786,-1.01694,153,1.0
Silverstone,UK,9,2018,Silverstone Circuit,52.0786,-1.01694,153,1.0
Silverstone,UK,9,2019,Silverstone Circuit,52.0786,-1.01694,153,1.0
Silverstone,UK,9,2020,Silverstone Circuit,52.0786,-1.01694,153,1.0
Silverstone,UK,9,2020,Silverstone Circuit,52.0786,-1.01694,153,1.0
Nürburg,Germany,20,2009,Nürburgring,50.3356,6.9475,578,1.0
Nürburg,Germany,20,2007,Nürburgring,50.3356,6.9475,578,1.0
Nürburg,Germany,20,2006,Nürburgring,50.3356,6.9475,578,1.0
Nürburg,Germany,20,2005,Nürburgring,50.3356,6.9475,578,1.0
Nürburg,Germany,20,2004,Nürburgring,50.3356,6.9475,578,1.0
Nürburg,Germany,20,2003,Nürburgring,50.3356,6.9475,578,1.0
Nürburg,Germany,20,2002,Nürburgring,50.3356,6.9475,578,1.0
Nürburg,Germany,20,2001,Nürburgring,50.3356,6.9475,578,1.0
Nürburg,Germany,20,2000,Nürburgring,50.3356,6.9475,578,1.0
Nürburg,Germany,20,1999,Nürburgring,50.3356,6.9475,578,1.0
Nürburg,Germany,20,1998,Nürburgring,50.3356,6.9475,578,1.0
Nürburg,Germany,20,1997,Nürburgring,50.3356,6.9475,578,1.0
Nürburg,Germany,20,1996,Nürburgring,50.3356,6.9475,578,1.0
Nürburg,Germany,20,1995,Nürburgring,50.3356,6.9475,578,1.0
Nürburg,Germany,20,1985,Nürburgring,50.3356,6.9475,578,1.0
Nürburg,Germany,20,1984,Nürburgring,50.3356,6.9475,578,1.0
Nürburg,Germany,20,1976,Nürburgring,50.3356,6.9475,578,1.0
Nürburg,Germany,20,1975,Nürburgring,50.3356,6.9475,578,1.0
Nürburg,Germany,20,1974,Nürburgring,50.3356,6.9475,578,1.0
Nürburg,Germany,20,1973,Nürburgring,50.3356,6.9475,578,1.0
Nürburg,Germany,20,1972,Nürburgring,50.3356,6.9475,578,1.0
Nürburg,Germany,20,1971,Nürburgring,50.3356,6.9475,578,1.0
Nürburg,Germany,20,1969,Nürburgring,50.3356,6.9475,578,1.0
Nürburg,Germany,20,1968,Nürburgring,50.3356,6.9475,578,1.0
Nürburg,Germany,20,1967,Nürburgring,50.3356,6.9475,578,1.0
Nürburg,Germany,20,1966,Nürburgring,50.3356,6.9475,578,1.0
Nürburg,Germany,20,1965,Nürburgring,50.3356,6.9475,578,1.0
Nürburg,Germany,20,1964,Nürburgring,50.3356,6.9475,578,1.0
Nürburg,Germany,20,1963,Nürburgring,50.3356,6.9475,578,1.0
Nürburg,Germany,20,1962,Nürburgring,50.3356,6.9475,578,1.0
Nürburg,Germany,20,1961,Nürburgring,50.3356,6.9475,578,1.0
Nürburg,Germany,20,1958,Nürburgring,50.3356,6.9475,578,1.0
Nürburg,Germany,20,1957,Nürburgring,50.3356,6.9475,578,1.0
Nürburg,Germany,20,1956,Nürburgring,50.3356,6.9475,578,1.0
Nürburg,Germany,20,1954,Nürburgring,50.3356,6.9475,578,1.0
Nürburg,Germany,20,1953,Nürburgring,50.3356,6.9475,578,1.0
Nürburg,Germany,20,1952,Nürburgring,50.3356,6.9475,578,1.0
Nürburg,Germany,20,1951,Nürburgring,50.3356,6.9475,578,1.0
Nürburg,Germany,20,2011,Nürburgring,50.3356,6.9475,578,1.0
Nürburg,Germany,20,2013,Nürburgring,50.3356,6.9475,578,1.0
Nürburg,Germany,20,2020,Nürburgring,50.3356,6.9475,578,1.0
Budapest,Hungary,11,2009,Hungaroring,47.5789,19.2486,264,1.0
Budapest,Hungary,11,2008,Hungaroring,47.5789,19.2486,264,1.0
Budapest,Hungary,11,2007,Hungaroring,47.5789,19.2486,264,1.0
Budapest,Hungary,11,2006,Hungaroring,47.5789,19.2486,264,1.0
Budapest,Hungary,11,2005,Hungaroring,47.5789,19.2486,264,1.0
Budapest,Hungary,11,2004,Hungaroring,47.5789,19.2486,264,1.0
Budapest,Hungary,11,2003,Hungaroring,47.5789,19.2486,264,1.0
Budapest,Hungary,11,2002,Hungaroring,47.5789,19.2486,264,1.0
Budapest,Hungary,11,2001,Hungaroring,47.5789,19.2486,264,1.0
Budapest,Hungary,11,2000,Hungaroring,47.5789,19.2486,264,1.0
Budapest,Hungary,11,1999,Hungaroring,47.5789,19.2486,264,1.0
Budapest,Hungary,11,1998,Hungaroring,47.5789,19.2486,264,1.0
Budapest,Hungary,11,1997,Hungaroring,47.5789,19.2486,264,1.0
Budapest,Hungary,11,1996,Hungaroring,47.5789,19.2486,264,1.0
Budapest,Hungary,11,1995,Hungaroring,47.5789,19.2486,264,1.0
Budapest,Hungary,11,1994,Hungaroring,47.5789,19.2486,264,1.0
Budapest,Hungary,11,1993,Hungaroring,47.5789,19.2486,264,1.0
Budapest,Hungary,11,1992,Hungaroring,47.5789,19.2486,264,1.0
Budapest,Hungary,11,1991,Hungaroring,47.5789,19.2486,264,1.0
Budapest,Hungary,11,1990,Hungaroring,47.5789,19.2486,264,1.0
Budapest,Hungary,11,2010,Hungaroring,47.5789,19.2486,264,1.0
Budapest,Hungary,11,1989,Hungaroring,47.5789,19.2486,264,1.0
Budapest,Hungary,11,1988,Hungaroring,47.5789,19.2486,264,1.0
Budapest,Hungary,11,1987,Hungaroring,47.5789,19.2486,264,1.0
Budapest,Hungary,11,1986,Hungaroring,47.5789,19.2486,264,1.0
Budapest,Hungary,11,2011,Hungaroring,47.5789,19.2486,264,1.0
Budapest,Hungary,11,2012,Hungaroring,47.5789,19.2486,264,1.0
Budapest,Hungary,11,2013,Hungaroring,47.5789,19.2486,264,1.0
Budapest,Hungary,11,2014,Hungaroring,47.5789,19.2486,264,1.0
Budapest,Hungary,11,2015,Hungaroring,47.5789,19.2486,264,1.0
Budapest,Hungary,11,2016,Hungaroring,47.5789,19.2486,264,1.0
Budapest,Hungary,11,2017,Hungaroring,47.5789,19.2486,264,1.0
Budapest,Hungary,11,2018,Hungaroring,47.5789,19.2486,264,1.0
Budapest,Hungary,11,2019,Hungaroring,47.5789,19.2486,264,1.0
Budapest,Hungary,11,2020,Hungaroring,47.5789,19.2486,264,1.0
Valencia,Spain,12,2009,Valencia Street Circuit,39.4589,-0.331667,4,1.0
Valencia,Spain,12,2008,Valencia Street Circuit,39.4589,-0.331667,4,1.0
Valencia,Spain,12,2010,Valencia Street Circuit,39.4589,-0.331667,4,1.0
Valencia,Spain,12,2011,Valencia Street Circuit,39.4589,-0.331667,4,1.0
Valencia,Spain,12,2012,Valencia Street Circuit,39.4589,-0.331667,4,1.0
Spa,Belgium,13,2009,Circuit de Spa-Francorchamps,50.4372,5.97139,401,1.0
Spa,Belgium,13,2008,Circuit de Spa-Francorchamps,50.4372,5.97139,401,1.0
Spa,Belgium,13,2007,Circuit de Spa-Francorchamps,50.4372,5.97139,401,1.0
Spa,Belgium,13,2005,Circuit de Spa-Francorchamps,50.4372,5.97139,401,1.0
Spa,Belgium,13,2004,Circuit de Spa-Francorchamps,50.4372,5.97139,401,1.0
Spa,Belgium,13,2002,Circuit de Spa-Francorchamps,50.4372,5.97139,401,1.0
Spa,Belgium,13,2001,Circuit de Spa-Francorchamps,50.4372,5.97139,401,1.0
Spa,Belgium,13,2000,Circuit de Spa-Francorchamps,50.4372,5.97139,401,1.0
Spa,Belgium,13,1999,Circuit de Spa-Francorchamps,50.4372,5.97139,401,1.0
Spa,Belgium,13,1998,Circuit de Spa-Francorchamps,50.4372,5.97139,401,1.0
Spa,Belgium,13,1997,Circuit de Spa-Francorchamps,50.4372,5.97139,401,1.0
Spa,Belgium,13,1996,Circuit de Spa-Francorchamps,50.4372,5.97139,401,1.0
Spa,Belgium,13,1995,Circuit de Spa-Francorchamps,50.4372,5.97139,401,1.0
Spa,Belgium,13,1994,Circuit de Spa-Francorchamps,50.4372,5.97139,401,1.0
Spa,Belgium,13,1993,Circuit de Spa-Francorchamps,50.4372,5.97139,401,1.0
Spa,Belgium,13,1992,Circuit de Spa-Francorchamps,50.4372,5.97139,401,1.0
Spa,Belgium,13,1991,Circuit de Spa-Francorchamps,50.4372,5.97139,401,1.0
Spa,Belgium,13,1990,Circuit de Spa-Francorchamps,50.4372,5.97139,401,1.0
Spa,Belgium,13,2010,Circuit de Spa-Francorchamps,50.4372,5.97139,401,1.0
Spa,Belgium,13,1989,Circuit de Spa-Francorchamps,50.4372,5.97139,401,1.0
Spa,Belgium,13,1988,Circuit de Spa-Francorchamps,50.4372,5.97139,401,1.0
Spa,Belgium,13,1987,Circuit de Spa-Francorchamps,50.4372,5.97139,401,1.0
Spa,Belgium,13,1986,Circuit de Spa-Francorchamps,50.4372,5.97139,401,1.0
Spa,Belgium,13,1985,Circuit de Spa-Francorchamps,50.4372,5.97139,401,1.0
Spa,Belgium,13,1983,Circuit de Spa-Francorchamps,50.4372,5.97139,401,1.0
Spa,Belgium,13,1970,Circuit de Spa-Francorchamps,50.4372,5.97139,401,1.0
Spa,Belgium,13,1968,Circuit de Spa-Francorchamps,50.4372,5.97139,401,1.0
Spa,Belgium,13,1967,Circuit de Spa-Francorchamps,50.4372,5.97139,401,1.0
Spa,Belgium,13,1966,Circuit de Spa-Francorchamps,50.4372,5.97139,401,1.0
Spa,Belgium,13,1965,Circuit de Spa-Francorchamps,50.4372,5.97139,401,1.0
Spa,Belgium,13,1964,Circuit de Spa-Francorchamps,50.4372,5.97139,401,1.0
Spa,Belgium,13,1963,Circuit de Spa-Francorchamps,50.4372,5.97139,401,1.0
Spa,Belgium,13,1962,Circuit de Spa-Francorchamps,50.4372,5.97139,401,1.0
Spa,Belgium,13,1961,Circuit de Spa-Francorchamps,50.4372,5.97139,401,1.0
Spa,Belgium,13,1960,Circuit de Spa-Francorchamps,50.4372,5.97139,401,1.0
Spa,Belgium,13,1958,Circuit de Spa-Francorchamps,50.4372,5.97139,401,1.0
Spa,Belgium,13,1956,Circuit de Spa-Francorchamps,50.4372,5.97139,401,1.0
Spa,Belgium,13,1955,Circuit de Spa-Francorchamps,50.4372,5.97139,401,1.0
Spa,Belgium,13,1954,Circuit de Spa-Francorchamps,50.4372,5.97139,401,1.0
Spa,Belgium,13,1953,Circuit de Spa-Francorchamps,50.4372,5.97139,401,1.0
Spa,Belgium,13,1952,Circuit de Spa-Francorchamps,50.4372,5.97139,401,1.0
Spa,Belgium,13,1951,Circuit de Spa-Francorchamps,50.4372,5.97139,401,1.0
Spa,Belgium,13,1950,Circuit de Spa-Francorchamps,50.4372,5.97139,401,1.0
Spa,Belgium,13,2011,Circuit de Spa-Francorchamps,50.4372,5.97139,401,1.0
Spa,Belgium,13,2012,Circuit de Spa-Francorchamps,50.4372,5.97139,401,1.0
Spa,Belgium,13,2013,Circuit de Spa-Francorchamps,50.4372,5.97139,401,1.0
Spa,Belgium,13,2014,Circuit de Spa-Francorchamps,50.4372,5.97139,401,1.0
Spa,Belgium,13,2015,Circuit de Spa-Francorchamps,50.4372,5.97139,401,1.0
Spa,Belgium,13,2016,Circuit de Spa-Francorchamps,50.4372,5.97139,401,1.0
Spa,Belgium,13,2017,Circuit de Spa-Francorchamps,50.4372,5.97139,401,1.0
Spa,Belgium,13,2018,Circuit de Spa-Francorchamps,50.4372,5.97139,401,1.0
Spa,Belgium,13,2019,Circuit de Spa-Francorchamps,50.4372,5.97139,401,1.0
Spa,Belgium,13,2020,Circuit de Spa-Francorchamps,50.4372,5.97139,401,1.0
Monza,Italy,14,2009,Autodromo Nazionale di Monza,45.6156,9.28111,162,1.0
Monza,Italy,14,2008,Autodromo Nazionale di Monza,45.6156,9.28111,162,1.0
Monza,Italy,14,2007,Autodromo Nazionale di Monza,45.6156,9.28111,162,1.0
Monza,Italy,14,2006,Autodromo Nazionale di Monza,45.6156,9.28111,162,1.0
Monza,Italy,14,2005,Autodromo Nazionale di Monza,45.6156,9.28111,162,1.0
Monza,Italy,14,2004,Autodromo Nazionale di Monza,45.6156,9.28111,162,1.0
Monza,Italy,14,2003,Autodromo Nazionale di Monza,45.6156,9.28111,162,1.0
Monza,Italy,14,2002,Autodromo Nazionale di Monza,45.6156,9.28111,162,1.0
Monza,Italy,14,2001,Autodromo Nazionale di Monza,45.6156,9.28111,162,1.0
Monza,Italy,14,2000,Autodromo Nazionale di Monza,45.6156,9.28111,162,1.0
Monza,Italy,14,1999,Autodromo Nazionale di Monza,45.6156,9.28111,162,1.0
Monza,Italy,14,1998,Autodromo Nazionale di Monza,45.6156,9.28111,162,1.0
Monza,Italy,14,1997,Autodromo Nazionale di Monza,45.6156,9.28111,162,1.0
Monza,Italy,14,1996,Autodromo Nazionale di Monza,45.6156,9.28111,162,1.0
Monza,Italy,14,1995,Autodromo Nazionale di Monza,45.6156,9.28111,162,1.0
Monza,Italy,14,1994,Autodromo Nazionale di Monza,45.6156,9.28111,162,1.0
Monza,Italy,14,1993,Autodromo Nazionale di Monza,45.6156,9.28111,162,1.0
Monza,Italy,14,1992,Autodromo Nazionale di Monza,45.6156,9.28111,162,1.0
Monza,Italy,14,1991,Autodromo Nazionale di Monza,45.6156,9.28111,162,1.0
Monza,Italy,14,1990,Autodromo Nazionale di Monza,45.6156,9.28111,162,1.0
Monza,Italy,14,2010,Autodromo Nazionale di Monza,45.6156,9.28111,162,1.0
Monza,Italy,14,1989,Autodromo Nazionale di Monza,45.6156,9.28111,162,1.0
Monza,Italy,14,1988,Autodromo Nazionale di Monza,45.6156,9.28111,162,1.0
Monza,Italy,14,1987,Autodromo Nazionale di Monza,45.6156,9.28111,162,1.0
Monza,Italy,14,1986,Autodromo Nazionale di Monza,45.6156,9.28111,162,1.0
Monza,Italy,14,1985,Autodromo Nazionale di Monza,45.6156,9.28111,162,1.0
Monza,Italy,14,1984,Autodromo Nazionale di Monza,45.6156,9.28111,162,1.0
Monza,Italy,14,1983,Autodromo Nazionale di Monza,45.6156,9.28111,162,1.0
Monza,Italy,14,1982,Autodromo Nazionale di Monza,45.6156,9.28111,162,1.0
Monza,Italy,14,1981,Autodromo Nazionale di Monza,45.6156,9.28111,162,1.0
Monza,Italy,14,1979,Autodromo Nazionale di Monza,45.6156,9.28111,162,1.0
Monza,Italy,14,1978,Autodromo Nazionale di Monza,45.6156,9.28111,162,1.0
Monza,Italy,14,1977,Autodromo Nazionale di Monza,45.6156,9.28111,162,1.0
Monza,Italy,14,1976,Autodromo Nazionale di Monza,45.6156,9.28111,162,1.0
Monza,Italy,14,1975,Autodromo Nazionale di Monza,45.6156,9.28111,162,1.0
Monza,Italy,14,1974,Autodromo Nazionale di Monza,45.6156,9.28111,162,1.0
Monza,Italy,14,1973,Autodromo Nazionale di Monza,45.6156,9.28111,162,1.0
Monza,Italy,14,1972,Autodromo Nazionale di Monza,45.6156,9.28111,162,1.0
Monza,Italy,14,1971,Autodromo Nazionale di Monza,45.6156,9.28111,162,1.0
Monza,Italy,14,1970,Autodromo Nazionale di Monza,45.6156,9.28111,162,1.0
Monza,Italy,14,1969,Autodromo Nazionale di Monza,45.6156,9.28111,162,1.0
Monza,Italy,14,1968,Autodromo Nazionale di Monza,45.6156,9.28111,162,1.0
Monza,Italy,14,1967,Autodromo Nazionale di Monza,45.6156,9.28111,162,1.0
Monza,Italy,14,1966,Autodromo Nazionale di Monza,45.6156,9.28111,162,1.0
Monza,Italy,14,1965,Autodromo Nazionale di Monza,45.6156,9.28111,162,1.0
Monza,Italy,14,1964,Autodromo Nazionale di Monza,45.6156,9.28111,162,1.0
Monza,Italy,14,1963,Autodromo Nazionale di Monza,45.6156,9.28111,162,1.0
Monza,Italy,14,1962,Autodromo Nazionale di Monza,45.6156,9.28111,162,1.0
Monza,Italy,14,1961,Autodromo Nazionale di Monza,45.6156,9.28111,162,1.0
Monza,Italy,14,1960,Autodromo Nazionale di Monza,45.6156,9.28111,162,1.0
Monza,Italy,14,1959,Autodromo Nazionale di Monza,45.6156,9.28111,162,1.0
Monza,Italy,14,1958,Autodromo Nazionale di Monza,45.6156,9.28111,162,1.0
Monza,Italy,14,1957,Autodromo Nazionale di Monza,45.6156,9.28111,162,1.0
Monza,Italy,14,1956,Autodromo Nazionale di Monza,45.6156,9.28111,162,1.0
Monza,Italy,14,1955,Autodromo Nazionale di Monza,45.6156,9.28111,162,1.0
Monza,Italy,14,1954,Autodromo Nazionale di Monza,45.6156,9.28111,162,1.0
Monza,Italy,14,1953,Autodromo Nazionale di Monza,45.6156,9.28111,162,1.0
Monza,Italy,14,1952,Autodromo Nazionale di Monza,45.6156,9.28111,162,1.0
Monza,Italy,14,1951,Autodromo Nazionale di Monza,45.6156,9.28111,162,1.0
Monza,Italy,14,1950,Autodromo Nazionale di Monza,45.6156,9.28111,162,1.0
Monza,Italy,14,2011,Autodromo Nazionale di Monza,45.6156,9.28111,162,1.0
Monza,Italy,14,2012,Autodromo Nazionale di Monza,45.6156,9.28111,162,1.0
Monza,Italy,14,2013,Autodromo Nazionale di Monza,45.6156,9.28111,162,1.0
Monza,Italy,14,2014,Autodromo Nazionale di Monza,45.6156,9.28111,162,1.0
Monza,Italy,14,2015,Autodromo Nazionale di Monza,45.6156,9.28111,162,1.0
Monza,Italy,14,2016,Autodromo Nazionale di Monza,45.6156,9.28111,162,1.0
Monza,Italy,14,2017,Autodromo Nazionale di Monza,45.6156,9.28111,162,1.0
Monza,Italy,14,2018,Autodromo Nazionale di Monza,45.6156,9.28111,162,1.0
Monza,Italy,14,2019,Autodromo Nazionale di Monza,45.6156,9.28111,162,1.0
Monza,Italy,14,2020,Autodromo Nazionale di Monza,45.6156,9.28111,162,1.0
Marina Bay,Singapore,15,2009,Marina Bay Street Circuit,1.2914,103.864,18,1.0
Marina Bay,Singapore,15,2008,Marina Bay Street Circuit,1.2914,103.864,18,1.0
Marina Bay,Singapore,15,2010,Marina Bay Street Circuit,1.2914,103.864,18,1.0
Marina Bay,Singapore,15,2011,Marina Bay Street Circuit,1.2914,103.864,18,1.0
Marina Bay,Singapore,15,2012,Marina Bay Street Circuit,1.2914,103.864,18,1.0
Marina Bay,Singapore,15,2013,Marina Bay Street Circuit,1.2914,103.864,18,1.0
Marina Bay,Singapore,15,2014,Marina Bay Street Circuit,1.2914,103.864,18,1.0
Marina Bay,Singapore,15,2015,Marina Bay Street Circuit,1.2914,103.864,18,1.0
Marina Bay,Singapore,15,2016,Marina Bay Street Circuit,1.2914,103.864,18,1.0
Marina Bay,Singapore,15,2017,Marina Bay Street Circuit,1.2914,103.864,18,1.0
Marina Bay,Singapore,15,2018,Marina Bay Street Circuit,1.2914,103.864,18,1.0
Marina Bay,Singapore,15,2019,Marina Bay Street Circuit,1.2914,103.864,18,1.0
Suzuka,Japan,22,2009,Suzuka International Racing Course,34.8431,136.541,45,1.0
Suzuka,Japan,22,2006,Suzuka International Racing Course,34.8431,136.541,45,1.0
Suzuka,Japan,22,2005,Suzuka International Racing Course,34.8431,136.541,45,1.0
Suzuka,Japan,22,2004,Suzuka International Racing Course,34.8431,136.541,45,1.0
Suzuka,Japan,22,2003,Suzuka International Racing Course,34.8431,136.541,45,1.0
Suzuka,Japan,22,2002,Suzuka International Racing Course,34.8431,136.541,45,1.0
Suzuka,Japan,22,2001,Suzuka International Racing Course,34.8431,136.541,45,1.0
Suzuka,Japan,22,2000,Suzuka International Racing Course,34.8431,136.541,45,1.0
Suzuka,Japan,22,1999,Suzuka International Racing Course,34.8431,136.541,45,1.0
Suzuka,Japan,22,1998,Suzuka International Racing Course,34.8431,136.541,45,1.0
Suzuka,Japan,22,1997,Suzuka International Racing Course,34.8431,136.541,45,1.0
Suzuka,Japan,22,1996,Suzuka International Racing Course,34.8431,136.541,45,1.0
Suzuka,Japan,22,1995,Suzuka International Racing Course,34.8431,136.541,45,1.0
Suzuka,Japan,22,1994,Suzuka International Racing Course,34.8431,136.541,45,1.0
Suzuka,Japan,22,1993,Suzuka International Racing Course,34.8431,136.541,45,1.0
Suzuka,Japan,22,1992,Suzuka International Racing Course,34.8431,136.541,45,1.0
Suzuka,Japan,22,1991,Suzuka International Racing Course,34.8431,136.541,45,1.0
Suzuka,Japan,22,1990,Suzuka International Racing Course,34.8431,136.541,45,1.0
Suzuka,Japan,22,2010,Suzuka International Racing Course,34.8431,136.541,45,1.0
Suzuka,Japan,22,1989,Suzuka International Racing Course,34.8431,136.541,45,1.0
Suzuka,Japan,22,1988,Suzuka International Racing Course,34.8431,136.541,45,1.0
Suzuka,Japan,22,1987,Suzuka International Racing Course,34.8431,136.541,45,1.0
Suzuka,Japan,22,2011,Suzuka International Racing Course,34.8431,136.541,45,1.0
Suzuka,Japan,22,2012,Suzuka International Racing Course,34.8431,136.541,45,1.0
Suzuka,Japan,22,2013,Suzuka International Racing Course,34.8431,136.541,45,1.0
Suzuka,Japan,22,2014,Suzuka International Racing Course,34.8431,136.541,45,1.0
Suzuka,Japan,22,2015,Suzuka International Racing Course,34.8431,136.541,45,1.0
Suzuka,Japan,22,2016,Suzuka International Racing Course,34.8431,136.541,45,1.0
Suzuka,Japan,22,2017,Suzuka International Racing Course,34.8431,136.541,45,1.0
Suzuka,Japan,22,2018,Suzuka International Racing Course,34.8431,136.541,45,1.0
Suzuka,Japan,22,2019,Suzuka International Racing Course,34.8431,136.541,45,1.0
São Paulo,Brazil,18,2009,Autódromo José Carlos Pace,-23.7036,-46.6997,785,1.0
São Paulo,Brazil,18,2008,Autódromo José Carlos Pace,-23.7036,-46.6997,785,1.0
São Paulo,Brazil,18,2007,Autódromo José Carlos Pace,-23.7036,-46.6997,785,1.0
São Paulo,Brazil,18,2006,Autódromo José Carlos Pace,-23.7036,-46.6997,785,1.0
São Paulo,Brazil,18,2005,Autódromo José Carlos Pace,-23.7036,-46.6997,785,1.0
São Paulo,Brazil,18,2004,Autódromo José Carlos Pace,-23.7036,-46.6997,785,1.0
São Paulo,Brazil,18,2003,Autódromo José Carlos Pace,-23.7036,-46.6997,785,1.0
São Paulo,Brazil,18,2002,Autódromo José Carlos Pace,-23.7036,-46.6997,785,1.0
São Paulo,Brazil,18,2001,Autódromo José Carlos Pace,-23.7036,-46.6997,785,1.0
São Paulo,Brazil,18,2000,Autódromo José Carlos Pace,-23.7036,-46.6997,785,1.0
São Paulo,Brazil,18,1999,Autódromo José Carlos Pace,-23.7036,-46.6997,785,1.0
São Paulo,Brazil,18,1998,Autódromo José Carlos Pace,-23.7036,-46.6997,785,1.0
São Paulo,Brazil,18,1997,Autódromo José Carlos Pace,-23.7036,-46.6997,785,1.0
São Paulo,Brazil,18,1996,Autódromo José Carlos Pace,-23.7036,-46.6997,785,1.0
São Paulo,Brazil,18,1995,Autódromo José Carlos Pace,-23.7036,-46.6997,785,1.0
São Paulo,Brazil,18,1994,Autódromo José Carlos Pace,-23.7036,-46.6997,785,1.0
São Paulo,Brazil,18,1993,Autódromo José Carlos Pace,-23.7036,-46.6997,785,1.0
São Paulo,Brazil,18,1992,Autódromo José Carlos Pace,-23.7036,-46.6997,785,1.0
São Paulo,Brazil,18,1991,Autódromo José Carlos Pace,-23.7036,-46.6997,785,1.0
São Paulo,Brazil,18,1990,Autódromo José Carlos Pace,-23.7036,-46.6997,785,1.0
São Paulo,Brazil,18,2010,Autódromo José Carlos Pace,-23.7036,-46.6997,785,1.0
São Paulo,Brazil,18,1980,Autódromo José Carlos Pace,-23.7036,-46.6997,785,1.0
São Paulo,Brazil,18,1979,Autódromo José Carlos Pace,-23.7036,-46.6997,785,1.0
São Paulo,Brazil,18,1977,Autódromo José Carlos Pace,-23.7036,-46.6997,785,1.0
São Paulo,Brazil,18,1976,Autódromo José Carlos Pace,-23.7036,-46.6997,785,1.0
São Paulo,Brazil,18,1975,Autódromo José Carlos Pace,-23.7036,-46.6997,785,1.0
São Paulo,Brazil,18,1974,Autódromo José Carlos Pace,-23.7036,-46.6997,785,1.0
São Paulo,Brazil,18,1973,Autódromo José Carlos Pace,-23.7036,-46.6997,785,1.0
São Paulo,Brazil,18,2011,Autódromo José Carlos Pace,-23.7036,-46.6997,785,1.0
São Paulo,Brazil,18,2012,Autódromo José Carlos Pace,-23.7036,-46.6997,785,1.0
São Paulo,Brazil,18,2013,Autódromo José Carlos Pace,-23.7036,-46.6997,785,1.0
São Paulo,Brazil,18,2014,Autódromo José Carlos Pace,-23.7036,-46.6997,785,1.0
São Paulo,Brazil,18,2015,Autódromo José Carlos Pace,-23.7036,-46.6997,785,1.0
São Paulo,Brazil,18,2016,Autódromo José Carlos Pace,-23.7036,-46.6997,785,1.0
São Paulo,Brazil,18,2017,Autódromo José Carlos Pace,-23.7036,-46.6997,785,1.0
São Paulo,Brazil,18,2018,Autódromo José Carlos Pace,-23.7036,-46.6997,785,1.0
São Paulo,Brazil,18,2019,Autódromo José Carlos Pace,-23.7036,-46.6997,785,1.0
Abu Dhabi,UAE,24,2009,Yas Marina Circuit,24.4672,54.6031,3,1.0
Abu Dhabi,UAE,24,2010,Yas Marina Circuit,24.4672,54.6031,3,1.0
Abu Dhabi,UAE,24,2011,Yas Marina Circuit,24.4672,54.6031,3,1.0
Abu Dhabi,UAE,24,2012,Yas Marina Circuit,24.4672,54.6031,3,1.0
Abu Dhabi,UAE,24,2013,Yas Marina Circuit,24.4672,54.6031,3,1.0
Abu Dhabi,UAE,24,2014,Yas Marina Circuit,24.4672,54.6031,3,1.0
Abu Dhabi,UAE,24,2015,Yas Marina Circuit,24.4672,54.6031,3,1.0
Abu Dhabi,UAE,24,2016,Yas Marina Circuit,24.4672,54.6031,3,1.0
Abu Dhabi,UAE,24,2017,Yas Marina Circuit,24.4672,54.6031,3,1.0
Abu Dhabi,UAE,24,2018,Yas Marina Circuit,24.4672,54.6031,3,1.0
Abu Dhabi,UAE,24,2019,Yas Marina Circuit,24.4672,54.6031,3,1.0
Abu Dhabi,UAE,24,2020,Yas Marina Circuit,24.4672,54.6031,3,1.0
Montreal,Canada,7,2008,Circuit Gilles Villeneuve,45.5,-73.5228,13,1.0
Montreal,Canada,7,2007,Circuit Gilles Villeneuve,45.5,-73.5228,13,1.0
Montreal,Canada,7,2006,Circuit Gilles Villeneuve,45.5,-73.5228,13,1.0
Montreal,Canada,7,2005,Circuit Gilles Villeneuve,45.5,-73.5228,13,1.0
Montreal,Canada,7,2004,Circuit Gilles Villeneuve,45.5,-73.5228,13,1.0
Montreal,Canada,7,2003,Circuit Gilles Villeneuve,45.5,-73.5228,13,1.0
Montreal,Canada,7,2002,Circuit Gilles Villeneuve,45.5,-73.5228,13,1.0
Montreal,Canada,7,2001,Circuit Gilles Villeneuve,45.5,-73.5228,13,1.0
Montreal,Canada,7,2000,Circuit Gilles Villeneuve,45.5,-73.5228,13,1.0
Montreal,Canada,7,1999,Circuit Gilles Villeneuve,45.5,-73.5228,13,1.0
Montreal,Canada,7,1998,Circuit Gilles Villeneuve,45.5,-73.5228,13,1.0
Montreal,Canada,7,1997,Circuit Gilles Villeneuve,45.5,-73.5228,13,1.0
Montreal,Canada,7,1996,Circuit Gilles Villeneuve,45.5,-73.5228,13,1.0
Montreal,Canada,7,1995,Circuit Gilles Villeneuve,45.5,-73.5228,13,1.0
Montreal,Canada,7,1994,Circuit Gilles Villeneuve,45.5,-73.5228,13,1.0
Montreal,Canada,7,1993,Circuit Gilles Villeneuve,45.5,-73.5228,13,1.0
Montreal,Canada,7,1992,Circuit Gilles Villeneuve,45.5,-73.5228,13,1.0
Montreal,Canada,7,1991,Circuit Gilles Villeneuve,45.5,-73.5228,13,1.0
Montreal,Canada,7,1990,Circuit Gilles Villeneuve,45.5,-73.5228,13,1.0
Montreal,Canada,7,2010,Circuit Gilles Villeneuve,45.5,-73.5228,13,1.0
Montreal,Canada,7,1989,Circuit Gilles Villeneuve,45.5,-73.5228,13,1.0
Montreal,Canada,7,1988,Circuit Gilles Villeneuve,45.5,-73.5228,13,1.0
Montreal,Canada,7,1986,Circuit Gilles Villeneuve,45.5,-73.5228,13,1.0
Montreal,Canada,7,1985,Circuit Gilles Villeneuve,45.5,-73.5228,13,1.0
Montreal,Canada,7,1984,Circuit Gilles Villeneuve,45.5,-73.5228,13,1.0
Montreal,Canada,7,1983,Circuit Gilles Villeneuve,45.5,-73.5228,13,1.0
Montreal,Canada,7,1982,Circuit Gilles Villeneuve,45.5,-73.5228,13,1.0
Montreal,Canada,7,1981,Circuit Gilles Villeneuve,45.5,-73.5228,13,1.0
Montreal,Canada,7,1980,Circuit Gilles Villeneuve,45.5,-73.5228,13,1.0
Montreal,Canada,7,1979,Circuit Gilles Villeneuve,45.5,-73.5228,13,1.0
Montreal,Canada,7,1978,Circuit Gilles Villeneuve,45.5,-73.5228,13,1.0
Montreal,Canada,7,2011,Circuit Gilles Villeneuve,45.5,-73.5228,13,1.0
Montreal,Canada,7,2012,Circuit Gilles Villeneuve,45.5,-73.5228,13,1.0
Montreal,Canada,7,2013,Circuit Gilles Villeneuve,45.5,-73.5228,13,1.0
Montreal,Canada,7,2014,Circuit Gilles Villeneuve,45.5,-73.5228,13,1.0
Montreal,Canada,7,2015,Circuit Gilles Villeneuve,45.5,-73.5228,13,1.0
Montreal,Canada,7,2016,Circuit Gilles Villeneuve,45.5,-73.5228,13,1.0
Montreal,Canada,7,2017,Circuit Gilles Villeneuve,45.5,-73.5228,13,1.0
Montreal,Canada,7,2018,Circuit Gilles Villeneuve,45.5,-73.5228,13,1.0
Montreal,Canada,7,2019,Circuit Gilles Villeneuve,45.5,-73.5228,13,1.0
Magny Cours,France,8,2008,Circuit de Nevers Magny-Cours,46.8642,3.16361,228,1.0
Magny Cours,France,8,2007,Circuit de Nevers Magny-Cours,46.8642,3.16361,228,1.0
Magny Cours,France,8,2006,Circuit de Nevers Magny-Cours,46.8642,3.16361,228,1.0
Magny Cours,France,8,2005,Circuit de Nevers Magny-Cours,46.8642,3.16361,228,1.0
Magny Cours,France,8,2004,Circuit de Nevers Magny-Cours,46.8642,3.16361,228,1.0
Magny Cours,France,8,2003,Circuit de Nevers Magny-Cours,46.8642,3.16361,228,1.0
Magny Cours,France,8,2002,Circuit de Nevers Magny-Cours,46.8642,3.16361,228,1.0
Magny Cours,France,8,2001,Circuit de Nevers Magny-Cours,46.8642,3.16361,228,1.0
Magny Cours,France,8,2000,Circuit de Nevers Magny-Cours,46.8642,3.16361,228,1.0
Magny Cours,France,8,1999,Circuit de Nevers Magny-Cours,46.8642,3.16361,228,1.0
Magny Cours,France,8,1998,Circuit de Nevers Magny-Cours,46.8642,3.16361,228,1.0
Magny Cours,France,8,1997,Circuit de Nevers Magny-Cours,46.8642,3.16361,228,1.0
Magny Cours,France,8,1996,Circuit de Nevers Magny-Cours,46.8642,3.16361,228,1.0
Magny Cours,France,8,1995,Circuit de Nevers Magny-Cours,46.8642,3.16361,228,1.0
Magny Cours,France,8,1994,Circuit de Nevers Magny-Cours,46.8642,3.16361,228,1.0
Magny Cours,France,8,1993,Circuit de Nevers Magny-Cours,46.8642,3.16361,228,1.0
Magny Cours,France,8,1992,Circuit de Nevers Magny-Cours,46.8642,3.16361,228,1.0
Magny Cours,France,8,1991,Circuit de Nevers Magny-Cours,46.8642,3.16361,228,1.0
Hockenheim,Germany,10,2008,Hockenheimring,49.3278,8.56583,103,1.0
Hockenheim,Germany,10,2006,Hockenheimring,49.3278,8.56583,103,1.0
Hockenheim,Germany,10,2005,Hockenheimring,49.3278,8.56583,103,1.0
Hockenheim,Germany,10,2004,Hockenheimring,49.3278,8.56583,103,1.0
Hockenheim,Germany,10,2003,Hockenheimring,49.3278,8.56583,103,1.0
Hockenheim,Germany,10,2002,Hockenheimring,49.3278,8.56583,103,1.0
Hockenheim,Germany,10,2001,Hockenheimring,49.3278,8.56583,103,1.0
Hockenheim,Germany,10,2000,Hockenheimring,49.3278,8.56583,103,1.0
Hockenheim,Germany,10,1999,Hockenheimring,49.3278,8.56583,103,1.0
Hockenheim,Germany,10,1998,Hockenheimring,49.3278,8.56583,103,1.0
Hockenheim,Germany,10,1997,Hockenheimring,49.3278,8.56583,103,1.0
Hockenheim,Germany,10,1996,Hockenheimring,49.3278,8.56583,103,1.0
Hockenheim,Germany,10,1995,Hockenheimring,49.3278,8.56583,103,1.0
Hockenheim,Germany,10,1994,Hockenheimring,49.3278,8.56583,103,1.0
Hockenheim,Germany,10,1993,Hockenheimring,49.3278,8.56583,103,1.0
Hockenheim,Germany,10,1992,Hockenheimring,49.3278,8.56583,103,1.0
Hockenheim,Germany,10,1991,Hockenheimring,49.3278,8.56583,103,1.0
Hockenheim,Germany,10,1990,Hockenheimring,49.3278,8.56583,103,1.0
Hockenheim,Germany,10,2010,Hockenheimring,49.3278,8.56583,103,1.0
Hockenheim,Germany,10,1989,Hockenheimring,49.3278,8.56583,103,1.0
Hockenheim,Germany,10,1988,Hockenheimring,49.3278,8.56583,103,1.0
Hockenheim,Germany,10,1987,Hockenheimring,49.3278,8.56583,103,1.0
Hockenheim,Germany,10,1986,Hockenheimring,49.3278,8.56583,103,1.0
Hockenheim,Germany,10,1984,Hockenheimring,49.3278,8.56583,103,1.0
Hockenheim,Germany,10,1983,Hockenheimring,49.3278,8.56583,103,1.0
Hockenheim,Germany,10,1982,Hockenheimring,49.3278,8.56583,103,1.0
Hockenheim,Germany,10,1981,Hockenheimring,49.3278,8.56583,103,1.0
Hockenheim,Germany,10,1980,Hockenheimring,49.3278,8.56583,103,1.0
Hockenheim,Germany,10,1979,Hockenheimring,49.3278,8.56583,103,1.0
Hockenheim,Germany,10,1978,Hockenheimring,49.3278,8.56583,103,1.0
Hockenheim,Germany,10,1977,Hockenheimring,49.3278,8.56583,103,1.0
Hockenheim,Germany,10,1970,Hockenheimring,49.3278,8.56583,103,1.0
Hockenheim,Germany,10,2012,Hockenheimring,49.3278,8.56583,103,1.0
Hockenheim,Germany,10,2014,Hockenheimring,49.3278,8.56583,103,1.0
Hockenheim,Germany,10,2016,Hockenheimring,49.3278,8.56583,103,1.0
Hockenheim,Germany,10,2018,Hockenheimring,49.3278,8.56583,103,1.0
Hockenheim,Germany,10,2019,Hockenheimring,49.3278,8.56583,103,1.0
Oyama,Japan,16,2008,Fuji Speedway,35.3717,138.927,583,1.0
Oyama,Japan,16,2007,Fuji Speedway,35.3717,138.927,583,1.0
Oyama,Japan,16,1977,Fuji Speedway,35.3717,138.927,583,1.0
Oyama,Japan,16,1976,Fuji Speedway,35.3717,138.927,583,1.0
Indianapolis,USA,19,2007,Indianapolis Motor Speedway,39.795,-86.2347,223,1.0
Indianapolis,USA,19,2006,Indianapolis Motor Speedway,39.795,-86.2347,223,1.0
Indianapolis,USA,19,2005,Indianapolis Motor Speedway,39.795,-86.2347,223,1.0
Indianapolis,USA,19,2004,Indianapolis Motor Speedway,39.795,-86.2347,223,1.0
Indianapolis,USA,19,2003,Indianapolis Motor Speedway,39.795,-86.2347,223,1.0
Indianapolis,USA,19,2002,Indianapolis Motor Speedway,39.795,-86.2347,223,1.0
Indianapolis,USA,19,2001,Indianapolis Motor Speedway,39.795,-86.2347,223,1.0
Indianapolis,USA,19,2000,Indianapolis Motor Speedway,39.795,-86.2347,223,1.0
Indianapolis,USA,19,1960,Indianapolis Motor Speedway,39.795,-86.2347,223,1.0
Indianapolis,USA,19,1959,Indianapolis Motor Speedway,39.795,-86.2347,223,1.0
Indianapolis,USA,19,1958,Indianapolis Motor Speedway,39.795,-86.2347,223,1.0
Indianapolis,USA,19,1957,Indianapolis Motor Speedway,39.795,-86.2347,223,1.0
Indianapolis,USA,19,1956,Indianapolis Motor Speedway,39.795,-86.2347,223,1.0
Indianapolis,USA,19,1955,Indianapolis Motor Speedway,39.795,-86.2347,223,1.0
Indianapolis,USA,19,1954,Indianapolis Motor Speedway,39.795,-86.2347,223,1.0
Indianapolis,USA,19,1953,Indianapolis Motor Speedway,39.795,-86.2347,223,1.0
Indianapolis,USA,19,1952,Indianapolis Motor Speedway,39.795,-86.2347,223,1.0
Indianapolis,USA,19,1951,Indianapolis Motor Speedway,39.795,-86.2347,223,1.0
Indianapolis,USA,19,1950,Indianapolis Motor Speedway,39.795,-86.2347,223,1.0
Imola,Italy,21,2006,Autodromo Enzo e Dino Ferrari,44.3439,11.7167,37,1.0
Imola,Italy,21,2005,Autodromo Enzo e Dino Ferrari,44.3439,11.7167,37,1.0
Imola,Italy,21,2004,Autodromo Enzo e Dino Ferrari,44.3439,11.7167,37,1.0
Imola,Italy,21,2003,Autodromo Enzo e Dino Ferrari,44.3439,11.7167,37,1.0
Imola,Italy,21,2002,Autodromo Enzo e Dino Ferrari,44.3439,11.7167,37,1.0
Imola,Italy,21,2001,Autodromo Enzo e Dino Ferrari,44.3439,11.7167,37,1.0
Imola,Italy,21,2000,Autodromo Enzo e Dino Ferrari,44.3439,11.7167,37,1.0
Imola,Italy,21,1999,Autodromo Enzo e Dino Ferrari,44.3439,11.7167,37,1.0
Imola,Italy,21,1998,Autodromo Enzo e Dino Ferrari,44.3439,11.7167,37,1.0
Imola,Italy,21,1997,Autodromo Enzo e Dino Ferrari,44.3439,11.7167,37,1.0
Imola,Italy,21,1996,Autodromo Enzo e Dino Ferrari,44.3439,11.7167,37,1.0
Imola,Italy,21,1995,Autodromo Enzo e Dino Ferrari,44.3439,11.7167,37,1.0
Imola,Italy,21,1994,Autodromo Enzo e Dino Ferrari,44.3439,11.7167,37,1.0
Imola,Italy,21,1993,Autodromo Enzo e Dino Ferrari,44.3439,11.7167,37,1.0
Imola,Italy,21,1992,Autodromo Enzo e Dino Ferrari,44.3439,11.7167,37,1.0
Imola,Italy,21,1991,Autodromo Enzo e Dino Ferrari,44.3439,11.7167,37,1.0
Imola,Italy,21,1990,Autodromo Enzo e Dino Ferrari,44.3439,11.7167,37,1.0
Imola,Italy,21,1989,Autodromo Enzo e Dino Ferrari,44.3439,11.7167,37,1.0
Imola,Italy,21,1988,Autodromo Enzo e Dino Ferrari,44.3439,11.7167,37,1.0
Imola,Italy,21,1987,Autodromo Enzo e Dino Ferrari,44.3439,11.7167,37,1.0
Imola,Italy,21,1986,Autodromo Enzo e Dino Ferrari,44.3439,11.7167,37,1.0
Imola,Italy,21,1985,Autodromo Enzo e Dino Ferrari,44.3439,11.7167,37,1.0
Imola,Italy,21,1984,Autodromo Enzo e Dino Ferrari,44.3439,11.7167,37,1.0
Imola,Italy,21,1983,Autodromo Enzo e Dino Ferrari,44.3439,11.7167,37,1.0
Imola,Italy,21,1982,Autodromo Enzo e Dino Ferrari,44.3439,11.7167,37,1.0
Imola,Italy,21,1981,Autodromo Enzo e Dino Ferrari,44.3439,11.7167,37,1.0
Imola,Italy,21,1980,Autodromo Enzo e Dino Ferrari,44.3439,11.7167,37,1.0
Imola,Italy,21,2020,Autodromo Enzo e Dino Ferrari,44.3439,11.7167,37,1.0
Spielburg,Austria,23,2003,A1-Ring,47.2197,14.7647,678,1.0
Spielburg,Austria,23,2002,A1-Ring,47.2197,14.7647,678,1.0
Spielburg,Austria,23,2001,A1-Ring,47.2197,14.7647,678,1.0
Spielburg,Austria,23,2000,A1-Ring,47.2197,14.7647,678,1.0
Spielburg,Austria,23,1999,A1-Ring,47.2197,14.7647,678,1.0
Spielburg,Austria,23,1998,A1-Ring,47.2197,14.7647,678,1.0
Spielburg,Austria,23,1997,A1-Ring,47.2197,14.7647,678,1.0
Spielburg,Austria,23,1987,A1-Ring,47.2197,14.7647,678,1.0
Spielburg,Austria,23,1986,A1-Ring,47.2197,14.7647,678,1.0
Spielburg,Austria,23,1985,A1-Ring,47.2197,14.7647,678,1.0
Spielburg,Austria,23,1984,A1-Ring,47.2197,14.7647,678,1.0
Spielburg,Austria,23,1983,A1-Ring,47.2197,14.7647,678,1.0
Spielburg,Austria,23,1982,A1-Ring,47.2197,14.7647,678,1.0
Spielburg,Austria,23,1981,A1-Ring,47.2197,14.7647,678,1.0
Spielburg,Austria,23,1980,A1-Ring,47.2197,14.7647,678,1.0
Spielburg,Austria,23,1979,A1-Ring,47.2197,14.7647,678,1.0
Spielburg,Austria,23,1978,A1-Ring,47.2197,14.7647,678,1.0
Spielburg,Austria,23,1977,A1-Ring,47.2197,14.7647,678,1.0
Spielburg,Austria,23,1976,A1-Ring,47.2197,14.7647,678,1.0
Spielburg,Austria,23,1975,A1-Ring,47.2197,14.7647,678,1.0
Spielburg,Austria,23,1974,A1-Ring,47.2197,14.7647,678,1.0
Spielburg,Austria,23,1973,A1-Ring,47.2197,14.7647,678,1.0
Spielburg,Austria,23,1972,A1-Ring,47.2197,14.7647,678,1.0
Spielburg,Austria,23,1971,A1-Ring,47.2197,14.7647,678,1.0
Spielburg,Austria,23,1970,A1-Ring,47.2197,14.7647,678,1.0
Buenos Aires,Argentina,25,1998,Autódromo Juan y Oscar Gálvez,-34.6943,-58.4593,8,1.0
Buenos Aires,Argentina,25,1997,Autódromo Juan y Oscar Gálvez,-34.6943,-58.4593,8,1.0
Buenos Aires,Argentina,25,1996,Autódromo Juan y Oscar Gálvez,-34.6943,-58.4593,8,1.0
Buenos Aires,Argentina,25,1995,Autódromo Juan y Oscar Gálvez,-34.6943,-58.4593,8,1.0
Buenos Aires,Argentina,25,1981,Autódromo Juan y Oscar Gálvez,-34.6943,-58.4593,8,1.0
Buenos Aires,Argentina,25,1980,Autódromo Juan y Oscar Gálvez,-34.6943,-58.4593,8,1.0
Buenos Aires,Argentina,25,1979,Autódromo Juan y Oscar Gálvez,-34.6943,-58.4593,8,1.0
Buenos Aires,Argentina,25,1978,Autódromo Juan y Oscar Gálvez,-34.6943,-58.4593,8,1.0
Buenos Aires,Argentina,25,1977,Autódromo Juan y Oscar Gálvez,-34.6943,-58.4593,8,1.0
Buenos Aires,Argentina,25,1975,Autódromo Juan y Oscar Gálvez,-34.6943,-58.4593,8,1.0
Buenos Aires,Argentina,25,1974,Autódromo Juan y Oscar Gálvez,-34.6943,-58.4593,8,1.0
Buenos Aires,Argentina,25,1973,Autódromo Juan y Oscar Gálvez,-34.6943,-58.4593,8,1.0
Buenos Aires,Argentina,25,1972,Autódromo Juan y Oscar Gálvez,-34.6943,-58.4593,8,1.0
Buenos Aires,Argentina,25,1960,Autódromo Juan y Oscar Gálvez,-34.6943,-58.4593,8,1.0
Buenos Aires,Argentina,25,1958,Autódromo Juan y Oscar Gálvez,-34.6943,-58.4593,8,1.0
Buenos Aires,Argentina,25,1957,Autódromo Juan y Oscar Gálvez,-34.6943,-58.4593,8,1.0
Buenos Aires,Argentina,25,1956,Autódromo Juan y Oscar Gálvez,-34.6943,-58.4593,8,1.0
Buenos Aires,Argentina,25,1955,Autódromo Juan y Oscar Gálvez,-34.6943,-58.4593,8,1.0
Buenos Aires,Argentina,25,1954,Autódromo Juan y Oscar Gálvez,-34.6943,-58.4593,8,1.0
Buenos Aires,Argentina,25,1953,Autódromo Juan y Oscar Gálvez,-34.6943,-58.4593,8,1.0
Jerez de la Frontera,Spain,26,1997,Circuito de Jerez,36.7083,-6.03417,37,1.0
Jerez de la Frontera,Spain,26,1994,Circuito de Jerez,36.7083,-6.03417,37,1.0
Jerez de la Frontera,Spain,26,1990,Circuito de Jerez,36.7083,-6.03417,37,1.0
Jerez de la Frontera,Spain,26,1989,Circuito de Jerez,36.7083,-6.03417,37,1.0
Jerez de la Frontera,Spain,26,1988,Circuito de Jerez,36.7083,-6.03417,37,1.0
Jerez de la Frontera,Spain,26,1987,Circuito de Jerez,36.7083,-6.03417,37,1.0
Jerez de la Frontera,Spain,26,1986,Circuito de Jerez,36.7083,-6.03417,37,1.0
Estoril,Portugal,27,1996,Autódromo do Estoril,38.7506,-9.39417,130,1.0
Estoril,Portugal,27,1995,Autódromo do Estoril,38.7506,-9.39417,130,1.0
Estoril,Portugal,27,1994,Autódromo do Estoril,38.7506,-9.39417,130,1.0
Estoril,Portugal,27,1993,Autódromo do Estoril,38.7506,-9.39417,130,1.0
Estoril,Portugal,27,1992,Autódromo do Estoril,38.7506,-9.39417,130,1.0
Estoril,Portugal,27,1991,Autódromo do Estoril,38.7506,-9.39417,130,1.0
Estoril,Portugal,27,1990,Autódromo do Estoril,38.7506,-9.39417,130,1.0
Estoril,Portugal,27,1989,Autódromo do Estoril,38.7506,-9.39417,130,1.0
Estoril,Portugal,27,1988,Autódromo do Estoril,38.7506,-9.39417,130,1.0
Estoril,Portugal,27,1987,Autódromo do Estoril,38.7506,-9.39417,130,1.0
Estoril,Portugal,27,1986,Autódromo do Estoril,38.7506,-9.39417,130,1.0
Estoril,Portugal,27,1985,Autódromo do Estoril,38.7506,-9.39417,130,1.0
Estoril,Portugal,27,1984,Autódromo do Estoril,38.7506,-9.39417,130,1.0
Okayama,Japan,28,1995,Okayama International Circuit,34.915,134.221,266,1.0
Okayama,Japan,28,1994,Okayama International Circuit,34.915,134.221,266,1.0
Adelaide,Australia,29,1995,Adelaide Street Circuit,-34.9272,138.617,58,1.0
Adelaide,Australia,29,1994,Adelaide Street Circuit,-34.9272,138.617,58,1.0
Adelaide,Australia,29,1993,Adelaide Street Circuit,-34.9272,138.617,58,1.0
Adelaide,Australia,29,1992,Adelaide Street Circuit,-34.9272,138.617,58,1.0
Adelaide,Australia,29,1991,Adelaide Street Circuit,-34.9272,138.617,58,1.0
Adelaide,Australia,29,1990,Adelaide Street Circuit,-34.9272,138.617,58,1.0
Adelaide,Australia,29,1989,Adelaide Street Circuit,-34.9272,138.617,58,1.0
Adelaide,Australia,29,1988,Adelaide Street Circuit,-34.9272,138.617,58,1.0
Adelaide,Australia,29,1987,Adelaide Street Circuit,-34.9272,138.617,58,1.0
Adelaide,Australia,29,1986,Adelaide Street Circuit,-34.9272,138.617,58,1.0
Adelaide,Australia,29,1985,Adelaide Street Circuit,-34.9272,138.617,58,1.0
Midrand,South Africa,30,1993,Kyalami,-25.9894,28.0767,1460,1.0
Midrand,South Africa,30,1992,Kyalami,-25.9894,28.0767,1460,1.0
Midrand,South Africa,30,1985,Kyalami,-25.9894,28.0767,1460,1.0
Midrand,South Africa,30,1984,Kyalami,-25.9894,28.0767,1460,1.0
Midrand,South Africa,30,1983,Kyalami,-25.9894,28.0767,1460,1.0
Midrand,South Africa,30,1982,Kyalami,-25.9894,28.0767,1460,1.0
Midrand,South Africa,30,1980,Kyalami,-25.9894,28.0767,1460,1.0
Midrand,South Africa,30,1979,Kyalami,-25.9894,28.0767,1460,1.0
Midrand,South Africa,30,1978,Kyalami,-25.9894,28.0767,1460,1.0
Midrand,South Africa,30,1977,Kyalami,-25.9894,28.0767,1460,1.0
Midrand,South Africa,30,1976,Kyalami,-25.9894,28.0767,1460,1.0
Midrand,South Africa,30,1975,Kyalami,-25.9894,28.0767,1460,1.0
Midrand,South Africa,30,1974,Kyalami,-25.9894,28.0767,1460,1.0
Midrand,South Africa,30,1973,Kyalami,-25.9894,28.0767,1460,1.0
Midrand,South Africa,30,1972,Kyalami,-25.9894,28.0767,1460,1.0
Midrand,South Africa,30,1971,Kyalami,-25.9894,28.0767,1460,1.0
Midrand,South Africa,30,1970,Kyalami,-25.9894,28.0767,1460,1.0
Midrand,South Africa,30,1969,Kyalami,-25.9894,28.0767,1460,1.0
Midrand,South Africa,30,1968,Kyalami,-25.9894,28.0767,1460,1.0
Midrand,South Africa,30,1967,Kyalami,-25.9894,28.0767,1460,1.0
Castle Donington,UK,31,1993,Donington Park,52.8306,-1.37528,88,1.0
Mexico City,Mexico,32,1992,Autódromo Hermanos Rodríguez,19.4042,-99.0907,2227,1.0
Mexico City,Mexico,32,1991,Autódromo Hermanos Rodríguez,19.4042,-99.0907,2227,1.0
Mexico City,Mexico,32,1990,Autódromo Hermanos Rodríguez,19.4042,-99.0907,2227,1.0
Mexico City,Mexico,32,1989,Autódromo Hermanos Rodríguez,19.4042,-99.0907,2227,1.0
Mexico City,Mexico,32,1988,Autódromo Hermanos Rodríguez,19.4042,-99.0907,2227,1.0
Mexico City,Mexico,32,1987,Autódromo Hermanos Rodríguez,19.4042,-99.0907,2227,1.0
Mexico City,Mexico,32,1986,Autódromo Hermanos Rodríguez,19.4042,-99.0907,2227,1.0
Mexico City,Mexico,32,1970,Autódromo Hermanos Rodríguez,19.4042,-99.0907,2227,1.0
Mexico City,Mexico,32,1969,Autódromo Hermanos Rodríguez,19.4042,-99.0907,2227,1.0
Mexico City,Mexico,32,1968,Autódromo Hermanos Rodríguez,19.4042,-99.0907,2227,1.0
Mexico City,Mexico,32,1967,Autódromo Hermanos Rodríguez,19.4042,-99.0907,2227,1.0
Mexico City,Mexico,32,1966,Autódromo Hermanos Rodríguez,19.4042,-99.0907,2227,1.0
Mexico City,Mexico,32,1965,Autódromo Hermanos Rodríguez,19.4042,-99.0907,2227,1.0
Mexico City,Mexico,32,1964,Autódromo Hermanos Rodríguez,19.4042,-99.0907,2227,1.0
Mexico City,Mexico,32,1963,Autódromo Hermanos Rodríguez,19.4042,-99.0907,2227,1.0
Mexico City,Mexico,32,2015,Autódromo Hermanos Rodríguez,19.4042,-99.0907,2227,1.0
Mexico City,Mexico,32,2016,Autódromo Hermanos Rodríguez,19.4042,-99.0907,2227,1.0
Mexico City,Mexico,32,2017,Autódromo Hermanos Rodríguez,19.4042,-99.0907,2227,1.0
Mexico City,Mexico,32,2018,Autódromo Hermanos Rodríguez,19.4042,-99.0907,2227,1.0
Mexico City,Mexico,32,2019,Autódromo Hermanos Rodríguez,19.4042,-99.0907,2227,1.0
Phoenix,USA,33,1991,Phoenix street circuit,33.4479,-112.075,345,1.0
Phoenix,USA,33,1990,Phoenix street circuit,33.4479,-112.075,345,1.0
Phoenix,USA,33,1989,Phoenix street circuit,33.4479,-112.075,345,1.0
Le Castellet,France,34,1990,Circuit Paul Ricard,43.2506,5.79167,432,1.0
Le Castellet,France,34,1989,Circuit Paul Ricard,43.2506,5.79167,432,1.0
Le Castellet,France,34,1988,Circuit Paul Ricard,43.2506,5.79167,432,1.0
Le Castellet,France,34,1987,Circuit Paul Ricard,43.2506,5.79167,432,1.0
Le Castellet,France,34,1986,Circuit Paul Ricard,43.2506,5.79167,432,1.0
Le Castellet,France,34,1985,Circuit Paul Ricard,43.2506,5.79167,432,1.0
Le Castellet,France,34,1983,Circuit Paul Ricard,43.2506,5.79167,432,1.0
Le Castellet,France,34,1982,Circuit Paul Ricard,43.2506,5.79167,432,1.0
Le Castellet,France,34,1980,Circuit Paul Ricard,43.2506,5.79167,432,1.0
Le Castellet,France,34,1978,Circuit Paul Ricard,43.2506,5.79167,432,1.0
Le Castellet,France,34,1976,Circuit Paul Ricard,43.2506,5.79167,432,1.0
Le Castellet,France,34,1975,Circuit Paul Ricard,43.2506,5.79167,432,1.0
Le Castellet,France,34,1973,Circuit Paul Ricard,43.2506,5.79167,432,1.0
Le Castellet,France,34,1971,Circuit Paul Ricard,43.2506,5.79167,432,1.0
Le Castellet,France,34,2018,Circuit Paul Ricard,43.2506,5.79167,432,1.0
Le Castellet,France,34,2019,Circuit Paul Ricard,43.2506,5.79167,432,1.0
Yeongam County,Korea,35,2010,Korean International Circuit,34.7333,126.417,0,1.0
Yeongam County,Korea,35,2011,Korean International Circuit,34.7333,126.417,0,1.0
Yeongam County,Korea,35,2012,Korean International Circuit,34.7333,126.417,0,1.0
Yeongam County,Korea,35,2013,Korean International Circuit,34.7333,126.417,0,1.0
Rio de Janeiro,Brazil,36,1989,Autódromo Internacional Nelson Piquet,-22.9756,-43.395,1126,1.0
Rio de Janeiro,Brazil,36,1988,Autódromo Internacional Nelson Piquet,-22.9756,-43.395,1126,1.0
Rio de Janeiro,Brazil,36,1987,Autódromo Internacional Nelson Piquet,-22.9756,-43.395,1126,1.0
Rio de Janeiro,Brazil,36,1986,Autódromo Internacional Nelson Piquet,-22.9756,-43.395,1126,1.0
Rio de Janeiro,Brazil,36,1985,Autódromo Internacional Nelson Piquet,-22.9756,-43.395,1126,1.0
Rio de Janeiro,Brazil,36,1984,Autódromo Internacional Nelson Piquet,-22.9756,-43.395,1126,1.0
Rio de Janeiro,Brazil,36,1983,Autódromo Internacional Nelson Piquet,-22.9756,-43.395,1126,1.0
Rio de Janeiro,Brazil,36,1982,Autódromo Internacional Nelson Piquet,-22.9756,-43.395,1126,1.0
Rio de Janeiro,Brazil,36,1981,Autódromo Internacional Nelson Piquet,-22.9756,-43.395,1126,1.0
Rio de Janeiro,Brazil,36,1978,Autódromo Internacional Nelson Piquet,-22.9756,-43.395,1126,1.0
Detroit,USA,37,1988,Detroit Street Circuit,42.3298,-83.0401,177,1.0
Detroit,USA,37,1987,Detroit Street Circuit,42.3298,-83.0401,177,1.0
Detroit,USA,37,1986,Detroit Street Circuit,42.3298,-83.0401,177,1.0
Detroit,USA,37,1985,Detroit Street Circuit,42.3298,-83.0401,177,1.0
Detroit,USA,37,1984,Detroit Street Circuit,42.3298,-83.0401,177,1.0
Detroit,USA,37,1983,Detroit Street Circuit,42.3298,-83.0401,177,1.0
Detroit,USA,37,1982,Detroit Street Circuit,42.3298,-83.0401,177,1.0
Kent,UK,38,1986,Brands Hatch,51.3569,0.263056,145,1.0
Kent,UK,38,1985,Brands Hatch,51.3569,0.263056,145,1.0
Kent,UK,38,1984,Brands Hatch,51.3569,0.263056,145,1.0
Kent,UK,38,1983,Brands Hatch,51.3569,0.263056,145,1.0
Kent,UK,38,1982,Brands Hatch,51.3569,0.263056,145,1.0
Kent,UK,38,1980,Brands Hatch,51.3569,0.263056,145,1.0
Kent,UK,38,1978,Brands Hatch,51.3569,0.263056,145,1.0
Kent,UK,38,1976,Brands Hatch,51.3569,0.263056,145,1.0
Kent,UK,38,1974,Brands Hatch,51.3569,0.263056,145,1.0
Kent,UK,38,1972,Brands Hatch,51.3569,0.263056,145,1.0
Kent,UK,38,1970,Brands Hatch,51.3569,0.263056,145,1.0
Kent,UK,38,1968,Brands Hatch,51.3569,0.263056,145,1.0
Kent,UK,38,1966,Brands Hatch,51.3569,0.263056,145,1.0
Kent,UK,38,1964,Brands Hatch,51.3569,0.263056,145,1.0
Zandvoort,Netherlands,39,1985,Circuit Park Zandvoort,52.3888,4.54092,6,1.0
Zandvoort,Netherlands,39,1984,Circuit Park Zandvoort,52.3888,4.54092,6,1.0
Zandvoort,Netherlands,39,1983,Circuit Park Zandvoort,52.3888,4.54092,6,1.0
Zandvoort,Netherlands,39,1982,Circuit Park Zandvoort,52.3888,4.54092,6,1.0
Zandvoort,Netherlands,39,1981,Circuit Park Zandvoort,52.3888,4.54092,6,1.0
Zandvoort,Netherlands,39,1980,Circuit Park Zandvoort,52.3888,4.54092,6,1.0
Zandvoort,Netherlands,39,1979,Circuit Park Zandvoort,52.3888,4.54092,6,1.0
Zandvoort,Netherlands,39,1978,Circuit Park Zandvoort,52.3888,4.54092,6,1.0
Zandvoort,Netherlands,39,1977,Circuit Park Zandvoort,52.3888,4.54092,6,1.0
Zandvoort,Netherlands,39,1976,Circuit Park Zandvoort,52.3888,4.54092,6,1.0
Zandvoort,Netherlands,39,1975,Circuit Park Zandvoort,52.3888,4.54092,6,1.0
Zandvoort,Netherlands,39,1974,Circuit Park Zandvoort,52.3888,4.54092,6,1.0
Zandvoort,Netherlands,39,1973,Circuit Park Zandvoort,52.3888,4.54092,6,1.0
Zandvoort,Netherlands,39,1971,Circuit Park Zandvoort,52.3888,4.54092,6,1.0
Zandvoort,Netherlands,39,1970,Circuit Park Zandvoort,52.3888,4.54092,6,1.0
Zandvoort,Netherlands,39,1969,Circuit Park Zandvoort,52.3888,4.54092,6,1.0
Zandvoort,Netherlands,39,1968,Circuit Park Zandvoort,52.3888,4.54092,6,1.0
Zandvoort,Netherlands,39,1967,Circuit Park Zandvoort,52.3888,4.54092,6,1.0
Zandvoort,Netherlands,39,1966,Circuit Park Zandvoort,52.3888,4.54092,6,1.0
Zandvoort,Netherlands,39,1965,Circuit Park Zandvoort,52.3888,4.54092,6,1.0
Zandvoort,Netherlands,39,1964,Circuit Park Zandvoort,52.3888,4.54092,6,1.0
Zandvoort,Netherlands,39,1963,Circuit Park Zandvoort,52.3888,4.54092,6,1.0
Zandvoort,Netherlands,39,1962,Circuit Park Zandvoort,52.3888,4.54092,6,1.0
Zandvoort,Netherlands,39,1961,Circuit Park Zandvoort,52.3888,4.54092,6,1.0
Zandvoort,Netherlands,39,1960,Circuit Park Zandvoort,52.3888,4.54092,6,1.0
Zandvoort,Netherlands,39,1959,Circuit Park Zandvoort,52.3888,4.54092,6,1.0
Zandvoort,Netherlands,39,1958,Circuit Park Zandvoort,52.3888,4.54092,6,1.0
Zandvoort,Netherlands,39,1955,Circuit Park Zandvoort,52.3888,4.54092,6,1.0
Zandvoort,Netherlands,39,1953,Circuit Park Zandvoort,52.3888,4.54092,6,1.0
Zandvoort,Netherlands,39,1952,Circuit Park Zandvoort,52.3888,4.54092,6,1.0
Heusden-Zolder,Belgium,40,1984,Zolder,50.9894,5.25694,36,1.0
Heusden-Zolder,Belgium,40,1982,Zolder,50.9894,5.25694,36,1.0
Heusden-Zolder,Belgium,40,1981,Zolder,50.9894,5.25694,36,1.0
Heusden-Zolder,Belgium,40,1980,Zolder,50.9894,5.25694,36,1.0
Heusden-Zolder,Belgium,40,1979,Zolder,50.9894,5.25694,36,1.0
Heusden-Zolder,Belgium,40,1978,Zolder,50.9894,5.25694,36,1.0
Heusden-Zolder,Belgium,40,1977,Zolder,50.9894,5.25694,36,1.0
Heusden-Zolder,Belgium,40,1976,Zolder,50.9894,5.25694,36,1.0
Heusden-Zolder,Belgium,40,1975,Zolder,50.9894,5.25694,36,1.0
Heusden-Zolder,Belgium,40,1973,Zolder,50.9894,5.25694,36,1.0
Dijon,France,41,1984,Dijon-Prenois,47.3625,4.89913,484,1.0
Dijon,France,41,1982,Dijon-Prenois,47.3625,4.89913,484,1.0
Dijon,France,41,1981,Dijon-Prenois,47.3625,4.89913,484,1.0
Dijon,France,41,1979,Dijon-Prenois,47.3625,4.89913,484,1.0
Dijon,France,41,1977,Dijon-Prenois,47.3625,4.89913,484,1.0
Dijon,France,41,1974,Dijon-Prenois,47.3625,4.89913,484,1.0
Dallas,USA,42,1984,Fair Park,32.7774,-96.7587,139,1.0
California,USA,43,1983,Long Beach,33.7651,-118.189,12,1.0
California,USA,43,1982,Long Beach,33.7651,-118.189,12,1.0
California,USA,43,1981,Long Beach,33.7651,-118.189,12,1.0
California,USA,43,1980,Long Beach,33.7651,-118.189,12,1.0
California,USA,43,1979,Long Beach,33.7651,-118.189,12,1.0
California,USA,43,1978,Long Beach,33.7651,-118.189,12,1.0
California,USA,43,1977,Long Beach,33.7651,-118.189,12,1.0
California,USA,43,1976,Long Beach,33.7651,-118.189,12,1.0
Nevada,USA,44,1982,Las Vegas Street Circuit,36.1162,-115.174,639,1.0
Nevada,USA,44,1981,Las Vegas Street Circuit,36.1162,-115.174,639,1.0
Madrid,Spain,45,1981,Jarama,40.6171,-3.58558,609,1.0
Madrid,Spain,45,1979,Jarama,40.6171,-3.58558,609,1.0
Madrid,Spain,45,1978,Jarama,40.6171,-3.58558,609,1.0
Madrid,Spain,45,1977,Jarama,40.6171,-3.58558,609,1.0
Madrid,Spain,45,1976,Jarama,40.6171,-3.58558,609,1.0
Madrid,Spain,45,1974,Jarama,40.6171,-3.58558,609,1.0
Madrid,Spain,45,1972,Jarama,40.6171,-3.58558,609,1.0
Madrid,Spain,45,1970,Jarama,40.6171,-3.58558,609,1.0
Madrid,Spain,45,1968,Jarama,40.6171,-3.58558,609,1.0
New York State,USA,46,1980,Watkins Glen,42.3369,-76.9272,485,1.0
New York State,USA,46,1979,Watkins Glen,42.3369,-76.9272,485,1.0
New York State,USA,46,1978,Watkins Glen,42.3369,-76.9272,485,1.0
New York State,USA,46,1977,Watkins Glen,42.3369,-76.9272,485,1.0
New York State,USA,46,1976,Watkins Glen,42.3369,-76.9272,485,1.0
New York State,USA,46,1975,Watkins Glen,42.3369,-76.9272,485,1.0
New York State,USA,46,1974,Watkins Glen,42.3369,-76.9272,485,1.0
New York State,USA,46,1973,Watkins Glen,42.3369,-76.9272,485,1.0
New York State,USA,46,1972,Watkins Glen,42.3369,-76.9272,485,1.0
New York State,USA,46,1971,Watkins Glen,42.3369,-76.9272,485,1.0
New York State,USA,46,1970,Watkins Glen,42.3369,-76.9272,485,1.0
New York State,USA,46,1969,Watkins Glen,42.3369,-76.9272,485,1.0
New York State,USA,46,1968,Watkins Glen,42.3369,-76.9272,485,1.0
New York State,USA,46,1967,Watkins Glen,42.3369,-76.9272,485,1.0
New York State,USA,46,1966,Watkins Glen,42.3369,-76.9272,485,1.0
New York State,USA,46,1965,Watkins Glen,42.3369,-76.9272,485,1.0
New York State,USA,46,1964,Watkins Glen,42.3369,-76.9272,485,1.0
New York State,USA,46,1963,Watkins Glen,42.3369,-76.9272,485,1.0
New York State,USA,46,1962,Watkins Glen,42.3369,-76.9272,485,1.0
New York State,USA,46,1961,Watkins Glen,42.3369,-76.9272,485,1.0
Anderstorp,Sweden,47,1978,Scandinavian Raceway,57.2653,13.6042,153,1.0
Anderstorp,Sweden,47,1977,Scandinavian Raceway,57.2653,13.6042,153,1.0
Anderstorp,Sweden,47,1976,Scandinavian Raceway,57.2653,13.6042,153,1.0
Anderstorp,Sweden,47,1975,Scandinavian Raceway,57.2653,13.6042,153,1.0
Anderstorp,Sweden,47,1974,Scandinavian Raceway,57.2653,13.6042,153,1.0
Anderstorp,Sweden,47,1973,Scandinavian Raceway,57.2653,13.6042,153,1.0
Ontario,Canada,48,1977,Mosport International Raceway,44.0481,-78.6756,332,1.0
Ontario,Canada,48,1976,Mosport International Raceway,44.0481,-78.6756,332,1.0
Ontario,Canada,48,1974,Mosport International Raceway,44.0481,-78.6756,332,1.0
Ontario,Canada,48,1973,Mosport International Raceway,44.0481,-78.6756,332,1.0
Ontario,Canada,48,1972,Mosport International Raceway,44.0481,-78.6756,332,1.0
Ontario,Canada,48,1971,Mosport International Raceway,44.0481,-78.6756,332,1.0
Ontario,Canada,48,1969,Mosport International Raceway,44.0481,-78.6756,332,1.0
Ontario,Canada,48,1967,Mosport International Raceway,44.0481,-78.6756,332,1.0
Barcelona,Spain,49,1975,Montjuïc,41.3664,2.15167,79,1.0
Barcelona,Spain,49,1973,Montjuïc,41.3664,2.15167,79,1.0
Barcelona,Spain,49,1971,Montjuïc,41.3664,2.15167,79,1.0
Barcelona,Spain,49,1969,Montjuïc,41.3664,2.15167,79,1.0
Brussels,Belgium,50,1974,Nivelles-Baulers,50.6211,4.32694,139,1.0
Brussels,Belgium,50,1972,Nivelles-Baulers,50.6211,4.32694,139,1.0
Clermont-Ferrand,France,51,1972,Charade Circuit,45.7472,3.03889,790,1.0
Clermont-Ferrand,France,51,1970,Charade Circuit,45.7472,3.03889,790,1.0
Clermont-Ferrand,France,51,1969,Charade Circuit,45.7472,3.03889,790,1.0
Clermont-Ferrand,France,51,1965,Charade Circuit,45.7472,3.03889,790,1.0
Quebec,Canada,52,1970,Circuit Mont-Tremblant,46.1877,-74.6099,214,1.0
Quebec,Canada,52,1968,Circuit Mont-Tremblant,46.1877,-74.6099,214,1.0
Rouen,France,53,1968,Rouen-Les-Essarts,49.3306,1.00458,81,1.0
Rouen,France,53,1964,Rouen-Les-Essarts,49.3306,1.00458,81,1.0
Rouen,France,53,1962,Rouen-Les-Essarts,49.3306,1.00458,81,1.0
Rouen,France,53,1957,Rouen-Les-Essarts,49.3306,1.00458,81,1.0
Rouen,France,53,1952,Rouen-Les-Essarts,49.3306,1.00458,81,1.0
Le Mans,France,54,1967,Le Mans,47.95,0.224231,67,1.0
Reims,France,55,1966,Reims-Gueux,49.2542,3.93083,88,1.0
Reims,France,55,1963,Reims-Gueux,49.2542,3.93083,88,1.0
Reims,France,55,1961,Reims-Gueux,49.2542,3.93083,88,1.0
Reims,France,55,1960,Reims-Gueux,49.2542,3.93083,88,1.0
Reims,France,55,1959,Reims-Gueux,49.2542,3.93083,88,1.0
Reims,France,55,1958,Reims-Gueux,49.2542,3.93083,88,1.0
Reims,France,55,1956,Reims-Gueux,49.2542,3.93083,88,1.0
Reims,France,55,1954,Reims-Gueux,49.2542,3.93083,88,1.0
Reims,France,55,1953,Reims-Gueux,49.2542,3.93083,88,1.0
Reims,France,55,1951,Reims-Gueux,49.2542,3.93083,88,1.0
Reims,France,55,1950,Reims-Gueux,49.2542,3.93083,88,1.0
Eastern Cape Province,South Africa,56,1965,Prince George Circuit,-33.0486,27.8736,15,1.0
Eastern Cape Province,South Africa,56,1963,Prince George Circuit,-33.0486,27.8736,15,1.0
Eastern Cape Province,South Africa,56,1962,Prince George Circuit,-33.0486,27.8736,15,1.0
Styria,Austria,57,1964,Zeltweg,47.2039,14.7478,676,1.0
Liverpool,UK,58,1962,Aintree,53.4769,-2.94056,20,1.0
Liverpool,UK,58,1961,Aintree,53.4769,-2.94056,20,1.0
Liverpool,UK,58,1959,Aintree,53.4769,-2.94056,20,1.0
Liverpool,UK,58,1957,Aintree,53.4769,-2.94056,20,1.0
Liverpool,UK,58,1955,Aintree,53.4769,-2.94056,20,1.0
Oporto,Portugal,59,1960,Circuito da Boavista,41.1705,-8.67325,28,1.0
Oporto,Portugal,59,1958,Circuito da Boavista,41.1705,-8.67325,28,1.0
California,USA,60,1960,Riverside International Raceway,33.937,-117.273,470,1.0
Berlin,Germany,61,1959,AVUS,52.4806,13.2514,53,1.0
Lisbon,Portugal,62,1959,Monsanto Park Circuit,38.7197,-9.20306,158,1.0
Florida,USA,63,1959,Sebring International Raceway,27.4547,-81.3483,18,1.0
Casablanca,Morocco,64,1958,Ain Diab,33.5786,-7.6875,19,1.0
Pescara,Italy,65,1957,Pescara Circuit,42.475,14.1508,129,1.0
Bern,Switzerland,66,1954,Circuit Bremgarten,46.9589,7.40194,551,1.0
Bern,Switzerland,66,1953,Circuit Bremgarten,46.9589,7.40194,551,1.0
Bern,Switzerland,66,1952,Circuit Bremgarten,46.9589,7.40194,551,1.0
Bern,Switzerland,66,1951,Circuit Bremgarten,46.9589,7.40194,551,1.0
Bern,Switzerland,66,1950,Circuit Bremgarten,46.9589,7.40194,551,1.0
Barcelona,Spain,67,1954,Circuit de Pedralbes,41.3903,2.11667,85,1.0
Barcelona,Spain,67,1951,Circuit de Pedralbes,41.3903,2.11667,85,1.0
Uttar Pradesh,India,68,2011,Buddh International Circuit,28.3487,77.5331,194,1.0
Uttar Pradesh,India,68,2012,Buddh International Circuit,28.3487,77.5331,194,1.0
Uttar Pradesh,India,68,2013,Buddh International Circuit,28.3487,77.5331,194,1.0
Austin,USA,69,2012,Circuit of the Americas,30.1328,-97.6411,161,1.0
Austin,USA,69,2013,Circuit of the Americas,30.1328,-97.6411,161,1.0
Austin,USA,69,2014,Circuit of the Americas,30.1328,-97.6411,161,1.0
Austin,USA,69,2015,Circuit of the Americas,30.1328,-97.6411,161,1.0
Austin,USA,69,2016,Circuit of the Americas,30.1328,-97.6411,161,1.0
Austin,USA,69,2017,Circuit of the Americas,30.1328,-97.6411,161,1.0
Austin,USA,69,2018,Circuit of the Americas,30.1328,-97.6411,161,1.0
Austin,USA,69,2019,Circuit of the Americas,30.1328,-97.6411,161,1.0
Spielburg,Austria,70,2014,Red Bull Ring,47.2197,14.7647,678,1.0
Spielburg,Austria,70,2015,Red Bull Ring,47.2197,14.7647,678,1.0
Spielburg,Austria,70,2016,Red Bull Ring,47.2197,14.7647,678,1.0
Spielburg,Austria,70,2017,Red Bull Ring,47.2197,14.7647,678,1.0
Spielburg,Austria,70,2018,Red Bull Ring,47.2197,14.7647,678,1.0
Spielburg,Austria,70,2019,Red Bull Ring,47.2197,14.7647,678,1.0
Spielburg,Austria,70,2020,Red Bull Ring,47.2197,14.7647,678,1.0
Spielburg,Austria,70,2020,Red Bull Ring,47.2197,14.7647,678,1.0
Sochi,Russia,71,2014,Sochi Autodrom,43.4057,39.9578,2,1.0
Sochi,Russia,71,2015,Sochi Autodrom,43.4057,39.9578,2,1.0
Sochi,Russia,71,2016,Sochi Autodrom,43.4057,39.9578,2,1.0
Sochi,Russia,71,2017,Sochi Autodrom,43.4057,39.9578,2,1.0
Sochi,Russia,71,2018,Sochi Autodrom,43.4057,39.9578,2,1.0
Sochi,Russia,71,2019,Sochi Autodrom,43.4057,39.9578,2,1.0
Sochi,Russia,71,2020,Sochi Autodrom,43.4057,39.9578,2,1.0
Baku,Azerbaijan,73,2016,Baku City Circuit,40.3725,49.8533,-7,1.0
Baku,Azerbaijan,73,2017,Baku City Circuit,40.3725,49.8533,-7,1.0
Baku,Azerbaijan,73,2018,Baku City Circuit,40.3725,49.8533,-7,1.0
Baku,Azerbaijan,73,2019,Baku City Circuit,40.3725,49.8533,-7,1.0
Mugello,Italy,76,2020,Autodromo Internazionale del Mugello,43.9975,11.3719,255,1.0
Portimão,Portugal,75,2020,Autódromo Internacional do Algarve,37.227,-8.6267,108,1.0
